Workbook
Name ASSET: [1]REF!#REF!
Name ASSET: REF!#REF!
Name RASCUNHO: 'RASCUNHO LP_IP_HP'!$A:$L
Name RASCUNHO: 'RASCUNHO LP_IP_HP'!$A:$L

Sheet Matriz

Sheet TEMPLATE MODEC
A1: Equipamento | B1: Atributos | D1: Tags PRIO | E1: Descrição PRIO | F1: H | G1: HH | H1: L | I1: LL | J1: unity
B2: Axial Displacement - Gear Box (1) | C2: ZT-1101 | D2: ZT-1101A | E2: G.B. shaft - axial displacement probe | F2: 0.1 | G2: 0.2 | H2: 0 | I2: 0 | J2: mm
B3: Axial Displacement - Gear Box (2) | C3: ZT-1101 | D3: ZT-1101B | E3: G.B. shaft - axial displacement probe | F3: 0.1 | G3: 0.2 | H3: 0 | I3: 0 | J3: mm
B4: Delta Pressure - Air Inlet Pre-Filter | C4: PDIT-1177 | D4: PDIT-1177 | E4: Turb. Inlet air pre-filter diff.press. transmitter | F4: 250 | G4: 0 | H4: 0 | I4: 0 | J4: Pa
B5: Keyphasor - Power Turbine (2) | C5: SE-1102 | D5: SE-1102B | E5: Power turbine speed B | F5: #N/A | G5: #N/A | H5: #N/A | I5: #N/A | J5: Rpm
B6: Level - Fuel scrubber level | C6: LIT-1103 | D6: LIT-1103 | E6: Fuel gas scrubber 1 level A transmitter | F6: 75 | G6: 0 | H6: 25 | I6: 0 | J6: %
B7: Pressure - Turbine Lube Oil Supply (b) | C7: PIT-1149 | D7: PIT-1149B | E7: Synthetic lube oil supply pressure B transmitter | F7: 0 | G7: 0 | H7: 172 | I7: 103 | J7: kpa
B8: Resistance - Sump Accessory Gearbox Magnectic Chip (2) | C8: QE-1101 | D8: QE-1101 | E8: Accessory gear box chip detector B sensor | F8: 100 | G8: 0 | H8: 0 | I8: 0 | J8: Ohm
B9: Temperature - Generator Cooling Water Return | C9: TE-1136 | D9: TE-1136 | E9: generator cooling water supply temp | F9: 38 | G9: 48 | H9: 0 | I9: 0 | J9: °F
B10: Temperature - Generator Cooling Water Supply | C10: TE-1137 | D10: TE-1137 | E10: generator cooling water return temp | F10: 49 | G10: 53 | H10: 0 | I10: 0 | J10: °F
B11: Temperature - PT Exhaust A | C11: TE-1112 | D11: TE-1112A | E11: PT exhaust duct temperature sensor A | F11: 570 | G11: 595 | H11: 0 | I11: 0 | J11: °C
B12: Temperature - PT Exhaust B | C12: TE-1112 | D12: TE-1112B | E12: PT exhaust duct temperature sensor B | F12: 570 | G12: 595 | H12: 0 | I12: 0 | J12: °C
B13: Temperature - PT Exhaust C | C13: TE-1112 | D13: TE-1112C | E13: PT exhaust duct temperature sensor C | F13: 570 | G13: 595 | H13: 0 | I13: 0 | J13: °C
B14: Temperature - PT Exhaust D | C14: TE-1112 | D14: TE-1112D | E14: PT exhaust duct temperature sensor D | F14: 570 | G14: 595 | H14: 0 | I14: 0 | J14: °C
B15: Temperature - PT Exhaust E | C15: TE-1112 | D15: TE-1112E | E15: PT exhaust duct temperature sensor E | F15: 570 | G15: 595 | H15: 0 | I15: 0 | J15: °C
B16: Temperature - PT Exhaust F | C16: TE-1112 | D16: TE-1112F | E16: PT exhaust duct temperature sensor F | F16: 570 | G16: 595 | H16: 0 | I16: 0 | J16: °F
B17: Temperature - Turbine Enclosure Exhaust A | C17: TE-1173 | D17: TE-1173A | E17: Turbine compartment outlet temperature A sensor | F17: 85 | G17: 90 | H17: 0 | I17: 0 | J17: °F
... B22: Temperature - Turbine Inlet (T48K) | C22: TE-1111 | D22: TE-1111K | E22: T48 sensor input from sensor K | F22: 843 | G22: 855 | H22: 0 | I22: 0 | J22: °C
B23: Vibration - Comp Rear Frame Velocity | C23: VE-1101 | D23: VE-1101 | E23: Compressor rear frame accelerometer | F23: #N/A | G23: #N/A | H23: #N/A | I23: #N/A | J23: mm/s
B24: Vibration - Gear Shaft HS Bearing (1) | C24: XT-1106 | D24: XT-1106X | E24: Gearbox high speed shaft journal brg X proximiter | F24: 63.5 | G24: 102 | H24: 0 | I24: 0 | J24: micron
B25: Vibration - Gear Shaft HS Bearing (2) | C25: XT-1106 | D25: XT-1106Y | E25: Gearbox high speed shaft journal brg Y proximiter | F25: 63.5 | G25: 102 | H25: 0 | I25: 0 | J25: micron
B26: Vibration - Gear Shaft HS Bearing (3) | C26: XT-1107 | D26: XT-1107X | E26: Gearbox high speed shaft journal brg X proximiter | F26: 63.5 | G26: 102 | H26: 0 | I26: 0 | J26: micron
B27: Vibration - Gear Shaft HS Bearing (4) | C27: XT-1107 | D27: XT-1107Y | E27: Gearbox high speed shaft journal brg Y proximiter | F27: 63.5 | G27: 102 | H27: 0 | I27: 0 | J27: micron
B28: Vibration - Gear Shaft LS Bearing (1) | C28: XT-1108 | D28: XT-1108X | E28: Gearbox low speed shaft journal brg X proximiter | F28: 88.9 | G28: 102 | H28: 0 | I28: 0 | J28: micron
B29: Vibration - Gear Shaft LS Bearing (2) | C29: XT-1108 | D29: XT-1108Y | E29: Gearbox low speed shaft journal brg Y proximiter | F29: 88.9 | G29: 102 | H29: 0 | I29: 0 | J29: micron
B30: Vibration - Gear Shaft LS Bearing (3) | C30: XT-1109 | D30: XT-1109X | E30: Gearbox low speed shaft journal brg X proximiter | F30: 88.9 | G30: 102 | H30: 0 | I30: 0 | J30: micron
B31: Vibration - Gear Shaft LS Bearing (4) | C31: XT-1109 | D31: XT-1109Y | E31: Gearbox low speed shaft journal brg Y proximiter | F31: 88.9 | G31: 102 | H31: 0 | I31: 0 | J31: micron
B32: Vibration - Gear Shaft Velocity (1) | C32: VE-1114 | D32: VE-1114 | E32: Gearbox velocity transducer detectors | F32: 0 | G32: 0 | H32: 0 | I32: 0 | J32: G
B33: Vibration - Gear Shaft Velocity (2) | C33: VE-1115 | D33: VE-1115 | E33: Gearbox velocity transducer detectors | F33: 0 | G33: 0 | H33: 0 | I33: 0 | J33: G
B34: Vibration - Generator DE Bearing | C34: VE-1116 | D34: VE-1116 | E34: Generator DE accelerometer monitoring detector | F34: 4.5 | G34: 7.1 | H34: 0 | I34: 0 | J34: Hz
B35: Vibration - Generator NDE Bearing | C35: VE-1117 | D35: VE-1117 | E35: Generator NDE accelerometer monitoring detector | F35: 4.5 | G35: 7.1 | H35: 0 | I35: 0 | J35: Hz
B36: Vibration - Turbine Rotor | C36: VE-1102 | D36: VE-1102 | E36: Power turbine rotor vibration detector | F36: 1905 | G36: 31.7 | H36: 0 | I36: 0 | J36: mm/s
B37: CO2e Emission | F37: #N/A | G37: #N/A | H37: #N/A | I37: #N/A | J37: #N/A
B38: CO2e Emission - Daily | F38: #N/A | G38: #N/A | H38: #N/A | I38: #N/A | J38: #N/A
B39: CO2e Emission - Daily|Natural Gas | F39: #N/A | G39: #N/A | H39: #N/A | I39: #N/A | J39: #N/A
B40: CO2e Emission - Totalizer | F40: #N/A | G40: #N/A | H40: #N/A | I40: #N/A | J40: #N/A
B41: Current - Exciter Field | F41: #N/A | G41: #N/A | H41: #N/A | I41: #N/A | J41: #N/A
B42: Current - L1 | F42: #N/A | G42: #N/A | H42: #N/A | I42: #N/A | J42: #N/A
B43: Current - L2 | F43: #N/A | G43: #N/A | H43: #N/A | I43: #N/A | J43: #N/A
B44: Current - L3 | F44: #N/A | G44: #N/A | H44: #N/A | I44: #N/A | J44: #N/A
B45: Current - Neutral | F45: #N/A | G45: #N/A | H45: #N/A | I45: #N/A | J45: #N/A
B46: Delta Pressure - Air Inlet Filter | C46: PDIT-1178 | D46: PDIT-1178 | E46: Turb. Inlet air high-efficency filter diff.press. transmitter | F46: 650 | G46: 0 | H46: 0 | I46: 0 | J46: Pa
B47: Delta Pressure - Generator Lube Oil Filter | C47: PDIT-1136 | D47: PDIT-1136 | E47: Mineral oil filter differential pressure transmitter | F47: 150 | G47: 0 | H47: 0 | I47: 0 | J47: kpa
B48: Delta Pressure - Liquid Fuel Supply Filter | F48: #N/A | G48: #N/A | H48: #N/A | I48: #N/A | J48: #N/A
B49: Delta Pressure - Turbine Lube Oil Scavenge Filter | C49: PDIT-1145 | D49: PDIT-1145 | E49: Synt lube oil scavenge filter diff pressure transmitter | F49: Baseline +100% | G49: 0 | H49: 0 | I49: 0 | J49: kpa
B50: Delta Pressure - Turbine Lube Oil Supply Filter | F50: #N/A | G50: #N/A | H50: #N/A | I50: #N/A | J50: #N/A
B51: Delta Pressure - Turbine/Ambient Enclosure | F51: #N/A | G51: #N/A | H51: #N/A | I51: #N/A | J51: #N/A
B52: Delta Pressure - Variable Geometry Oil Filter | F52: #N/A | G52: #N/A | H52: #N/A | I52: #N/A | J52: #N/A
B53: Efficiency - Power Generation Overall | F53: #N/A | G53: #N/A | H53: #N/A | I53: #N/A | J53: #N/A
B54: Equipment Status | F54: #N/A | G54: #N/A | H54: #N/A | I54: #N/A | J54: #N/A
B55: Equipment Status - Changes | F55: #N/A | G55: #N/A | H55: #N/A | I55: #N/A | J55: #N/A
B56: Frequency | F56: #N/A | G56: #N/A | H56: #N/A | I56: #N/A | J56: #N/A
B57: Fuel Selection - Gas - Flow Demand | F57: #N/A | G57: #N/A | H57: #N/A | I57: #N/A | J57: #N/A
B58: Fuel Selection - Gas - Lower Heating Value | F58: #N/A | G58: #N/A | H58: #N/A | I58: #N/A | J58: #N/A
B59: Fuel Selection - Gas - Specific Gravity | F59: #N/A | G59: #N/A | H59: #N/A | I59: #N/A | J59: #N/A
B60: Fuel Selection - Gas|Fuel Selection - Gas Tag | F60: #N/A | G60: #N/A | H60: #N/A | I60: #N/A | J60: #N/A
B61: Fuel Selection - Liquid|Fuel Selection - Liquid Tag | F61: #N/A | G61: #N/A | H61: #N/A | I61: #N/A | J61: #N/A
... B63: Health Score | F63: #N/A | G63: #N/A | H63: #N/A | I63: #N/A | J63: #N/A
B64: Keyphasor - Gas Generator (1) | C64: SE-1101 | D64: SE-1101A | E64: Gas generetor speed A | F64: #N/A | G64: #N/A | H64: #N/A | I64: #N/A | J64: Rpm
B65: Keyphasor - Gas Generator (2) | C65: SE-1101 | D65: SE-1101B | E65: Gas generetor speed B | F65: #N/A | G65: #N/A | H65: #N/A | I65: #N/A | J65: Rpm
B66: Keyphasor - Gas Generator (Correted) | F66: #N/A | G66: #N/A | H66: #N/A | I66: #N/A | J66: #N/A
B67: Keyphasor - Power Turbine | C67: SE-1102 | D67: SE-1102A | E67: Power turbine speed A | F67: #N/A | G67: #N/A | H67: #N/A | I67: #N/A | J67: Rpm
B68: Level - Generator Lube Oil Tank | C68: LIT-1118 | D68: LIT-1118 | E68: Mineral oil tank level transmitter | F68: HOLD | G68: 0 | H68: HOLD | I68: 0 | J68: %
B69: Level - Hydraulic Starter Oil Tank | F69: #N/A | G69: #N/A | H69: #N/A | I69: #N/A | J69: #N/A
B70: Level - Turbine Lube Oil Tank | F70: #N/A | G70: #N/A | H70: #N/A | I70: #N/A | J70: #N/A
B71: Level - Turbine Lube Oil Tank|Level - 1d Maximum | F71: #N/A | G71: #N/A | H71: #N/A | I71: #N/A | J71: #N/A
B72: Level - Turbine Lube Oil Tank|Level - 1d Minimum | F72: #N/A | G72: #N/A | H72: #N/A | I72: #N/A | J72: #N/A
B73: Level Switch Low - Generator Lube Oil Rundown Tank DE | F73: #N/A | G73: #N/A | H73: #N/A | I73: #N/A | J73: #N/A
B74: Level Switch Low - Generator Lube Oil Rundown Tank NDE | F74: #N/A | G74: #N/A | H74: #N/A | I74: #N/A | J74: #N/A
B75: Power - Apparent | F75: #N/A | G75: #N/A | H75: #N/A | I75: #N/A | J75: #N/A
B76: Power - Reactive | F76: #N/A | G76: #N/A | H76: #N/A | I76: #N/A | J76: #N/A
B77: Power - Total | F77: #N/A | G77: #N/A | H77: #N/A | I77: #N/A | J77: #N/A
B78: Power - WX | F78: #N/A | G78: #N/A | H78: #N/A | I78: #N/A | J78: #N/A
B79: Pressure - Balance Piston (P7B) | F79: #N/A | G79: #N/A | H79: #N/A | I79: #N/A | J79: #N/A
B80: Pressure - Gas Fuel Manifold | F80: #N/A | G80: #N/A | H80: #N/A | I80: #N/A | J80: #N/A
B81: Pressure - Gas Fuel Supply | C81: PIT-1101 | D81: PIT-1101 | E81: Fuel Gas Supply Pressure transmitter | F81: 4726 | G81: 0 | H81: 1350 | I81: 0 | J81: kPa
B82: Pressure - Generator Lube Oil Supply | C82: PIT-1130 | D82: PIT-1130 | E82: Mineral oil header pressure A transmitter | F82: 220 | G82: 0 | H82: 150 | I82: 0 | J82: kPa
B83: Pressure - Generator Lube Oil Tank | C83: PDIT-1151 | D83: PDIT-1151 | E83: Mineral oil tank pressure transmitter | F83: #N/A | G83: #N/A | H83: #N/A | I83: #N/A | J83: mmH2O
B84: Pressure - High Pressure Recoup (HPRCP) | F84: #N/A | G84: #N/A | H84: #N/A | I84: #N/A | J84: #N/A
B85: Pressure - HP Compressor (PS3) | F85: #N/A | G85: #N/A | H85: #N/A | I85: #N/A | J85: #N/A
B86: Pressure - Liquid Fuel Primary Manifold | F86: #N/A | G86: #N/A | H86: #N/A | I86: #N/A | J86: #N/A
B87: Pressure - Liquid Fuel Secundary Manifold | F87: #N/A | G87: #N/A | H87: #N/A | I87: #N/A | J87: #N/A
B88: Pressure - Liquid Fuel Secundary Manifold|Pre alarm Hi | F88: #N/A | G88: #N/A | H88: #N/A | I88: #N/A | J88: #N/A
B89: Pressure - Liquid Fuel Skid Discharge | C89: PIT-1107 | D89: PIT-1107 | E89: Liquid fuel pump delivery pressure transmitter | F89: 0 | G89: 0 | H89: 3200 | I89: 0 | J89: pa
B90: Pressure - Liquid Fuel Skid Suction | C90: PIT-1106 | D90: PIT-1106 | E90: Liquid fuel pump inlet pressure transmitter | F90: 0 | G90: 0 | H90: 170 | I90: 0 | J90: kPa
B91: Pressure - LP Compressor (P2) | F91: #N/A | G91: #N/A | H91: #N/A | I91: #N/A | J91: #N/A
B92: Pressure - Power Turbine (P48) | F92: #N/A | G92: #N/A | H92: #N/A | I92: #N/A | J92: #N/A
B93: Pressure - Turbine Lube Oil Scavenge | C93: PIT-1148 | D93: PIT-1148 | E93: Synthetic lube oil scavenge pressure transmitter | F93: 760 | G93: 0 | H93: 0 | I93: 0 | J93: kpa
B94: Pressure - Turbine Lube Oil Supply | C94: PIT-1149 | D94: PIT-1149A | E94: Synthetic lube oil supply pressure A transmitter | F94: 0 | G94: 0 | H94: 172 | I94: 103 | J94: psi
B95: Resistance - Sump A Magnectic Chip | F95: #N/A | G95: #N/A | H95: #N/A | I95: #N/A | J95: #N/A
B96: Resistance - Sump Accessory Gearbox Magnectic Chip | C96: QE-1102 | D96: QE-1102 | E96: Accessory gear box chip detector A sensor | F96: 100 | G96: 0 | H96: 0 | I96: 0 | J96: Ohm
B97: Resistance - Sump B Magnectic Chip | C97: QE-1103 | D97: QE-1103 | E97: Scavange sump B chip detector sensor | F97: 100 | G97: 0 | H97: 0 | I97: 0 | J97: Ohm
B98: Resistance - Sump C Magnectic Chip | C98: QE-1104 | D98: QE-1104 | E98: Scavange sump C chip detector sensor | F98: 100 | G98: 0 | H98: 0 | I98: 0 | J98: Ohm
B99: Resistance - Sump D Magnectic Chip | C99: QE-1105 | D99: QE-1105 | E99: Metal Detector Drain ' Sump D' sensor | F99: 100 | G99: 0 | H99: 0 | I99: 0 | J99: °C
B100: Running Hours - PI Counter | F100: #N/A | G100: #N/A | H100: #N/A | I100: #N/A | J100: #N/A
B101: Status - Enclosure Ventilation Fan A | F101: #N/A | G101: #N/A | H101: #N/A | I101: #N/A | J101: #N/A
B102: Status - Enclosure Ventilation Fan B | F102: #N/A | G102: #N/A | H102: #N/A | I102: #N/A | J102: #N/A
B103: Status - Gen Ventilator A | F103: #N/A | G103: #N/A | H103: #N/A | I103: #N/A | J103: #N/A
B104: Status - Gen Ventilator B | F104: #N/A | G104: #N/A | H104: #N/A | I104: #N/A | J104: #N/A
B105: Status - Gen Ventilator C | F105: #N/A | G105: #N/A | H105: #N/A | I105: #N/A | J105: #N/A
...

Sheet FLASH GAS COMPRESSOR
A1: Name (EN) | B1: Nome (PT) | C1: Nome (PT)2 | D1: Disponível Frade Flash Gas Compressor | E1: ObjectType | F1: AttributeDefaultUOM | G1: AttributeType | H1: AttributeDataReference | I1: BaseTemplate | J1: Categories | K1: Categorias PT
A2: Acceleration - Compressor Casing (1) | B2: Aceleração - Carcaça do Compressor (1) | C2: Aceleração - Carcaça do Compressor (1) | D2: Não | E2: AttributeTemplate | G2: Double | H2: PI Point | J2: Sensors - Equipment Parts; | K2: Sensores - Componentes do Compressor
A3: Acceleration - Compressor Casing (2) | B3: Aceleração - Carcaça do Compressor (2) | C3: Aceleração - Carcaça do Compressor (2) | D3: Não | E3: AttributeTemplate | G3: Double | H3: PI Point | J3: Sensors - Equipment Parts; | K3: Sensores - Componentes do Compressor
A4: Current | B4: Corrente | C4: Corrente | D4: Não | E4: AttributeTemplate | F4: A | G4: Double | J4: Sensors - Electric Motor; | K4: Sensores - Motor Elétrico
A5: Delta Pressure - Primary Seal Gas Injection Discharge | B5: Delta de Pressão - Injeção de Gás de Vedação Primária Descarga | C5: Delta de Pressão - Injeção de Gás de Selagem Primária Descarga | D5: Não | E5: AttributeTemplate | G5: Double | J5: Sensors - Gas Seal System; | K5: Sensores - Sistema de Selagem a Gás
A6: Delta Pressure - Primary Seal Gas Injection Discharge (2) | B6: Delta de Pressão - Injeção de Gás de Vedação Primária Descarga (2) | C6: Delta de Pressão - Injeção de Gás de Selagem Primária Descarga (2) | D6: Não | E6: AttributeTemplate | G6: Double | J6: Sensors - Gas Seal System; | K6: Sensores - Sistema de Selagem a Gás
A7: Delta Pressure - Primary Seal Gas Injection Discharge (3) | B7: Delta de Pressão - Injeção de Gás de Vedação Primária Descarga (3) | C7: Delta de Pressão - Injeção de Gás de Selagem Primária Descarga (3) | D7: Não | E7: AttributeTemplate | G7: Double | J7: Sensors - Gas Seal System; | K7: Sensores - Sistema de Selagem a Gás
A8: Delta Pressure - Lube Oil Tank | B8: Delta de Pressão - Tanque de Óleo Lubrificante | C8: Delta de Pressão - Tanque de Óleo Lubrificante | D8: Não | E8: AttributeTemplate | G8: Double | J8: Sensors - Lube Oil System; | K8: Sensores - Sistema de Lubrificação
A9: Axial Displacement - Comp Female (2) | B9: Deslocamento Axial - Compressor Fêmea (2) | C9: Deslocamento Axial - Compressor Fêmea (2) | D9: Não | E9: AttributeTemplate | F9: µm | G9: Double | H9: PI Point | J9: Sensors - Equipment Parts; | K9: Sensores - Componentes do Compressor
A10: Axial Displacement - Comp Male (2) | B10: Deslocamento Axial - Compressor Macho (2) | C10: Deslocamento Axial - Compressor Macho (2) | D10: Não | E10: AttributeTemplate | F10: µm | G10: Double | H10: PI Point | J10: Sensors - Equipment Parts; | K10: Sensores - Componentes do Compressor
A11: Frequency - Motor | B11: Frequência - Motor | C11: Frequência - Motor | D11: Não | E11: AttributeTemplate | F11: Hz | G11: Double | J11: Sensors - Electric Motor; | K11: Sensores - Motor Elétrico
A12: Keyphasor - Comp Female | B12: Keyphasor - Compressor Fêmea | C12: Keyphasor - Compressor Fêmea | D12: Não | E12: AttributeTemplate | G12: Double | J12: Sensors - Equipment Parts; | K12: Sensores - Componentes do Compressor
A13: Keyphasor - Gear Shaft (2) | B13: Keyphasor - Eixo da Engrenagem (2) | C13: Keyphasor - Eixo da Engrenagem (2) | D13: Não | E13: AttributeTemplate | G13: Double | J13: Sensors - Gearbox; | K13: Sensores - Caixa de Engrenagens
A14: Pressure - Primary Seal Gas Injection Discharge (2) | B14: Pressão - Descarga de Injeção de Gás de Vedação Primária (2) | C14: Pressão - Descarga de Injeção de Gás de Selagem Primária (2) | D14: Não | E14: AttributeTemplate | G14: Double | J14: Sensors - Gas Seal System; | K14: Sensores - Sistema de Selagem a Gás
A15: Pressure - Process Gas Downstream Scrubber (2) | B15: Pressão - Gás de Processo a Jusante do Scrubber (2) | C15: Pressão - Gás de Processo a Jusante do Scrubber (2) | D15: Não | E15: AttributeTemplate | F15: barg | G15: Double | J15: Sensors - Scrubber; | K15: Sensores - Lavador de Gases
A16: Pressure - Process Gas Downstream Scrubber (3) | B16: Pressão - Gás de Processo a Jusante do Scrubber (3) | C16: Pressão - Gás de Processo a Jusante do Scrubber (3) | D16: Não | E16: AttributeTemplate | F16: barg | G16: Double | J16: Sensors - Scrubber; | K16: Sensores - Lavador de Gases
A17: Pressure - Lube Oil Simulation Line | B17: Pressão - Linha de Simulação de Óleo Lubrificante | C17: Pressão - Linha de Simulação de Óleo Lubrificante | D17: Não | E17: AttributeTemplate | G17: Double | J17: Sensors - Lube Oil System; | K17: Sensores - Sistema de Lubrificação
A18: Pressure - Lube Oil Supply Header (2) | B18: Pressão - Linha Principal de Suprimento de Óleo Lubrificante (2) | C18: Pressão - Linha Principal de Suprimento de Óleo Lubrificante (2) | D18: Não | E18: AttributeTemplate | G18: Double | J18: Sensors - Lube Oil System; | K18: Sensores - Sistema de Lubrificação
A19: Pressure - Lube Oil Supply Header (3) | B19: Pressão - Linha Principal de Suprimento de Óleo Lubrificante (3) | C19: Pressão - Linha Principal de Suprimento de Óleo Lubrificante (3) | D19: Não | E19: AttributeTemplate | G19: Double | J19: Sensors - Lube Oil System; | K19: Sensores - Sistema de Lubrificação
A20: Pressure - Primary Seal Gas Injection Suction (2) | B20: Pressão - Sucção de Injeção de Gás de Vedação Primária (2) | C20: Pressão - Sucção de Injeção de Gás de Selagem Primária (2) | D20: Não | E20: AttributeTemplate | G20: Double | J20: Sensors - Gas Seal System; | K20: Sensores - Sistema de Selagem a Gás
A21: Pressure - Primary Seal Gas Injection Suction (3) | B21: Pressão - Sucção de Injeção de Gás de Vedação Primária (3) | C21: Pressão - Sucção de Injeção de Gás de Selagem Primária (3) | D21: Não | E21: AttributeTemplate | G21: Double | J21: Sensors - Gas Seal System; | K21: Sensores - Sistema de Selagem a Gás
A22: Pressure - Primary Seal Gas Injection Suction (4) | B22: Pressão - Sucção de Injeção de Gás de Vedação Primária (4) | C22: Pressão - Sucção de Injeção de Gás de Selagem Primária (4) | D22: Não | E22: AttributeTemplate | G22: Double | J22: Sensors - Gas Seal System; | K22: Sensores - Sistema de Selagem a Gás
A23: Pressure - Primary Seal Leakage to Flare Male Discharge (2) | B23: Pressão - Vazamento da Vedação Primária para Flare Descarga Macho (2) | C23: Pressão - Vazamento da Selagem Primária para Flare Descarga Macho (2) | D23: Não | E23: AttributeTemplate | G23: Double | J23: Sensors - Gas Seal System; | K23: Sensores - Sistema de Selagem a Gás
A24: Pressure - Primary Seal Leakage to Flare Male Discharge (3) | B24: Pressão - Vazamento da Vedação Primária para Flare Descarga Macho (3) | C24: Pressão - Vazamento da Selagem Primária para Flare Descarga Macho (3) | D24: Não | E24: AttributeTemplate | G24: Double | J24: Sensors - Gas Seal System; | K24: Sensores - Sistema de Selagem a Gás
A25: Pressure - Primary Seal Leakage to Flare Male Discharge (4) | B25: Pressão - Vazamento da Vedação Primária para Flare Descarga Macho (4) | C25: Pressão - Vazamento da Selagem Primária para Flare Descarga Macho (4) | D25: Não | E25: AttributeTemplate | G25: Double | J25: Sensors - Gas Seal System; | K25: Sensores - Sistema de Selagem a Gás
A26: Pressure - Primary Seal Leakage to Flare Male Discharge (5) | B26: Pressão - Vazamento da Vedação Primária para Flare Descarga Macho (5) | C26: Pressão - Vazamento da Selagem Primária para Flare Descarga Macho (5) | D26: Não | E26: AttributeTemplate | G26: Double | J26: Sensors - Gas Seal System; | K26: Sensores - Sistema de Selagem a Gás
A27: Pressure - Primary Seal Leakage to Flare Female Suction (2) | B27: Pressão - Vazamento da Vedação Primária para Flare Sução Fêmea (2) | C27: Pressão - Vazamento da Selagem Primária para Flare Sução Fêmea (2) | D27: Não | E27: AttributeTemplate | G27: Double | J27: Sensors - Gas Seal System; | K27: Sensores - Sistema de Selagem a Gás
A28: Pressure - Primary Seal Leakage to Flare Female Suction (3) | B28: Pressão - Vazamento da Vedação Primária para Flare Sução Fêmea (3) | C28: Pressão - Vazamento da Selagem Primária para Flare Sução Fêmea (3) | D28: Não | E28: AttributeTemplate | G28: Double | J28: Sensors - Gas Seal System; | K28: Sensores - Sistema de Selagem a Gás
... A31: Temperature - Secondary Seal Gas Heater (2) | B31: Temperatura - Aquecedor de Gás de Vedação Secundária (2) | C31: Temperatura - Aquecedor de Gás de Selagem Secundária (2) | D31: Não | E31: AttributeTemplate | G31: Double | J31: Sensors - Gas Seal System; | K31: Sensores - Sistema de Selagem a Gás
A32: Temperature - Discharge (2) | B32: Temperatura - Descarga (2) | C32: Temperatura - Descarga (2) | D32: Não | E32: AttributeTemplate | F32: °C | G32: Double | J32: Sensors - Process Variables; | K32: Sensores - Variáveis de Processo
A33: Temperature - Comp Female Discharge Bearing (2) | B33: Temperatura - Mancal de Descarga do Compressor Fêmea (2) | C33: Temperatura - Mancal de Descarga do Compressor Fêmea (2) | D33: Não | E33: AttributeTemplate | G33: Double | J33: Sensors - Equipment Parts; | K33: Sensores - Componentes do Compressor
A34: Temperature - Comp Male Discharge Bearing (2) | B34: Temperatura - Mancal de Descarga do Compressor Macho (2) | C34: Temperatura - Mancal de Descarga do Compressor Macho (2) | D34: Não | E34: AttributeTemplate | G34: Double | J34: Sensors - Equipment Parts; | K34: Sensores - Componentes do Compressor
A35: Temperature - Comp Female Suction Bearing (2) | B35: Temperatura - Mancal de Sucção do Compressor Fêmea (2) | C35: Temperatura - Mancal de Sucção do Compressor Fêmea (2) | D35: Não | E35: AttributeTemplate | G35: Double | J35: Sensors - Equipment Parts; | K35: Sensores - Componentes do Compressor
A36: Temperature - Comp Male Suction Bearing (2) | B36: Temperatura - Mancal de Sucção do Compressor Macho (2) | C36: Temperatura - Mancal de Sucção do Compressor Macho (2) | D36: Não | E36: AttributeTemplate | G36: Double | J36: Sensors - Equipment Parts; | K36: Sensores - Componentes do Compressor
A37: Temperature - Lube Oil Downstream Filter | B37: Temperatura - Óleo Lubrificante a Jusante do Filtro | C37: Temperatura - Óleo Lubrificante a Jusante do Filtro | D37: Não | E37: AttributeTemplate | G37: Double | J37: Sensors - Lube Oil System; | K37: Sensores - Sistema de Lubrificação
A38: Temperature - Comp Lube Oil Return Discharge Side | B38: Temperatura - Retorno de Óleo Lubrificante do Compressor Lado Descarga | C38: Temperatura - Retorno de Óleo Lubrificante do Compressor Lado Descarga | D38: Não | E38: AttributeTemplate | G38: Double | J38: Sensors - Lube Oil System; | K38: Sensores - Sistema de Lubrificação
A39: Temperature - Comp Lube Oil Return Suction Side | B39: Temperatura - Retorno de Óleo Lubrificante do Compressor Lado Sucção | C39: Temperatura - Retorno de Óleo Lubrificante do Compressor Lado Sucção | D39: Não | E39: AttributeTemplate | G39: Double | J39: Sensors - Lube Oil System; | K39: Sensores - Sistema de Lubrificação
A40: Temperature - Motor Lube Oil Return DE | B40: Temperatura - Retorno de Óleo Lubrificante do Motor DE | C40: Temperatura - Retorno de Óleo Lubrificante do Motor (LA) | D40: Não | E40: AttributeTemplate | G40: Double | J40: Sensors - Lube Oil System; | K40: Sensores - Sistema de Lubrificação
A41: Temperature - Motor Lube Oil Return NDE | B41: Temperatura - Retorno de Óleo Lubrificante do Motor NDE | C41: Temperatura - Retorno de Óleo Lubrificante do Motor (LOA) | D41: Não | E41: AttributeTemplate | G41: Double | J41: Sensors - Lube Oil System; | K41: Sensores - Sistema de Lubrificação
A42: Temperature - Seal Gas Supply Heater Downstream | B42: Temperatura - Suprimento de Gás de Vedação à Jusante do Aquecedor | C42: Temperatura - Suprimento de Gás de Selagem à Jusante do Aquecedor | D42: Não | E42: AttributeTemplate | G42: Double | J42: Sensors - Gas Seal System; | K42: Sensores - Sistema de Selagem a Gás
A43: Temperature - Seal Gas Supply Filter Upstream | B43: Temperatura - Suprimento de Gás de Vedação à Montante do Filtro | C43: Temperatura - Suprimento de Gás de Selagem à Montante do Filtro | D43: Não | E43: AttributeTemplate | G43: Double | J43: Sensors - Gas Seal System; | K43: Sensores - Sistema de Selagem a Gás
A44: Valve - Seal Gas Injection Discharge Pressure Control | B44: Válvula - Controle de Pressão de Descarga da Injeção de Gás de Vedação | C44: Válvula - Controle de Pressão de Descarga da Injeção de Gás de Selagem | D44: Não | E44: AttributeTemplate | G44: Double | J44: Sensors - Gas Seal System; | K44: Sensores - Sistema de Selagem a Gás
... A48: Valve - Process Unloading Flap | B48: Válvula - Flap de Alívio do Processo | C48: Válvula - Flap de Alívio do Processo | D48: Não | E48: AttributeTemplate | G48: Double | J48: Sensors - Process Variables; | K48: Sensores - Variáveis de Processo
A49: Valve - CM Return | B49: Válvula - Retorno CM | C49: Válvula - Retorno CM | D49: Não | E49: AttributeTemplate | F49: % | G49: Double | H49: PI Point | J49: Sensors - Process Variables - Suction Cooler; | K49: Sensores - Variáveis de Processo
A50: Flow - Primary Seal Gas Supply Discharge | B50: Vazão - Descarga de Suprimento de Gás de Vedação Primária | C50: Vazão - Descarga de Suprimento de Gás de Selagem Primária | D50: Não | E50: AttributeTemplate | G50: Double | J50: Sensors - Gas Seal System; | K50: Sensores - Sistema de Selagem a Gás
A51: Flow - Primary Seal Gas Injection | B51: Vazão - Injeção de Gás de Vedação Primária | C51: Vazão - Injeção de Gás de Selagem Primária | D51: Não | E51: AttributeTemplate | G51: Double | J51: Sensors - Gas Seal System; | K51: Sensores - Sistema de Selagem a Gás
A52: Flow - Primary Seal Gas Injection DE | B52: Vazão - Injeção de Gás de Vedação Primária DE | C52: Vazão - Injeção de Gás de Selagem Primária (LA) | D52: Não | E52: AttributeTemplate | G52: Double | J52: Sensors - Gas Seal System; | K52: Sensores - Sistema de Selagem a Gás
A53: Flow - Primary Seal Gas Injection NDE | B53: Vazão - Injeção de Gás de Vedação Primária NDE | C53: Vazão - Injeção de Gás de Selagem Primária (LOA) | D53: Não | E53: AttributeTemplate | G53: Double | J53: Sensors - Gas Seal System; | K53: Sensores - Sistema de Selagem a Gás
A54: Flow - Secondary Seal Gas Injection DE | B54: Vazão - Injeção de Gás de Vedação Secundária DE | C54: Vazão - Injeção de Gás de Selagem Secundária (LA) | D54: Não | E54: AttributeTemplate | G54: Double | J54: Sensors - Gas Seal System; | K54: Sensores - Sistema de Selagem a Gás
A55: Flow - Secondary Seal Gas Injection NDE | B55: Vazão - Injeção de Gás de Vedação Secundária NDE | C55: Vazão - Injeção de Gás de Selagem Secundária (LOA) | D55: Não | E55: AttributeTemplate | G55: Double | J55: Sensors - Gas Seal System; | K55: Sensores - Sistema de Selagem a Gás
A56: Flow - Primary Seal Gas Supply Suction | B56: Vazão - Sucção de Suprimento de Gás de Vedação Primária | C56: Vazão - Sucção de Suprimento de Gás de Selagem Primária | D56: Não | E56: AttributeTemplate | G56: Double | J56: Sensors - Gas Seal System; | K56: Sensores - Sistema de Selagem a Gás
A57: Acceleration - Gear Casing (1) | B57: Aceleração - Carcaça da Caixa de Engrenagens (1) | C57: Aceleração - Carcaça da Caixa de Engrenagens (1) | D57: Sim | E57: AttributeTemplate | G57: Double | J57: Sensors - Gearbox; | K57: Sensores - Caixa de Engrenagens
A58: Acceleration - Gear Casing (2) | B58: Aceleração - Carcaça da Caixa de Engrenagens (2) | C58: Aceleração - Carcaça da Caixa de Engrenagens (2) | D58: Sim | E58: AttributeTemplate | G58: Double | J58: Sensors - Gearbox; | K58: Sensores - Caixa de Engrenagens
A59: Acceleration - Motor Journal Bearing DE | B59: Aceleração - Mancal Radial do Motor Lado DE | C59: Aceleração - Macal do Motor (LA) | D59: Sim | E59: AttributeTemplate | F59: mm/s | G59: Double | J59: Sensors - Electric Motor; | K59: Sensores - Motor Elétrico
A60: Acceleration - Motor Journal Bearing NDE | B60: Aceleração - Mancal Radial do Motor Lado NDE | C60: Aceleração - Macal do Motor (LOA) | D60: Sim | E60: AttributeTemplate | F60: mm/s | G60: Double | J60: Sensors - Electric Motor; | K60: Sensores - Motor Elétrico
A61: Axial Displacement - Comp Female (1) | B61: Deslocamento Axial - Compressor Fêmea (1) | C61: Deslocamento Axial - Compressor Fêmea (1) | D61: Sim | E61: AttributeTemplate | F61: µm | G61: Double | J61: Sensors - Equipment Parts; | K61: Sensores - Componentes do Compressor
A62: Axial Displacement - Comp Male (1) | B62: Deslocamento Axial - Compressor Macho (1) | C62: Deslocamento Axial - Compressor Macho (1) | D62: Sim | E62: AttributeTemplate | F62: µm | G62: Double | H62: PI Point | J62: Sensors - Equipment Parts; | K62: Sensores - Componentes do Compressor
A63: Axial Displacement - Gear Box (1) | B63: Deslocamento Axial - Caixa de Engrenagens (1) | C63: Deslocamento Axial - Caixa de Engrenagens (1) | D63: Sim | E63: AttributeTemplate | F63: µm | G63: Double | J63: Sensors - Gearbox; | K63: Sensores - Caixa de Engrenagens
A64: Axial Displacement - Gear Box (2) | B64: Deslocamento Axial - Caixa de Engrenagens (2) | C64: Deslocamento Axial - Caixa de Engrenagens (2) | D64: Sim | E64: AttributeTemplate | F64: µm | G64: Double | J64: Sensors - Gearbox; | K64: Sensores - Caixa de Engrenagens
A65: Delta Pressure - Seal Oil x Gas Reference | B65: Delta de Pressão - Óleo de Vedação x Referência de Gás | C65: Delta de Pressão - Óleo de Selagem x Referência de Gás | D65: Sim | E65: AttributeTemplate | F65: kPa | G65: Double | H65: PI Point | J65: Sensors - Seal Oil System; | K65: Sensores - Sistema de Lubrificação
A66: Keyphasor - Comp Male | B66: Keyphasor - Compressor Macho | C66: Keyphasor - Compressor Macho | D66: Sim | E66: AttributeTemplate | G66: Double | J66: Sensors - Equipment Parts; | K66: Sensores - Componentes do Compressor
A67: Keyphasor - Gear Shaft (1) | B67: Keyphasor - Eixo da Engrenagem (1) | C67: Keyphasor - Eixo da Engrenagem (1) | D67: Sim | E67: AttributeTemplate | G67: Double | J67: Sensors - Gearbox; | K67: Sensores - Caixa de Engrenagens
A68: Keyphasor - Motor | B68: Keyphasor - Motor | C68: Keyphasor - Motor | D68: Sim | E68: AttributeTemplate | F68: rpm | G68: Double | J68: Sensors - Electric Motor; | K68: Sensores - Motor Elétrico
A69: Level - Lube Oil Tank (3) | B69: Nível - Tanque de Óleo Lubrificante (3) | C69: Nível - Tanque de Óleo Lubrificante (3) | D69: Sim | E69: AttributeTemplate | G69: Double | J69: Sensors - Lube Oil System; | K69: Sensores - Sistema de Lubrificação
A70: Pressure - Lube Oil Supply Header | B70: Pressão - Linha Principal de Suprimento de Óleo Lubrificante | C70: Pressão - Linha Principal de Suprimento de Óleo Lubrificante | D70: Sim | E70: AttributeTemplate | G70: Double | J70: Sensors - Lube Oil System; | K70: Sensores - Sistema de Lubrificação
A71: Pressure - Process Discharge | B71: Pressão - Descarga do Processo | C71: Pressão - Descarga do Processo | D71: Sim | E71: AttributeTemplate | F71: kPa | G71: Double | H71: PI Point | J71: Sensors - Process Variables - Suction Cooler; | K71: Sensores - Variáveis de Processo
A72: Pressure - Process Gas Downstream Scrubber | B72: Pressão - Gás de Processo a Jusante do Scrubber | C72: Pressão - Gás de Processo a Jusante do Scrubber | D72: Sim | E72: AttributeTemplate | F72: barg | G72: Double | J72: Sensors - Scrubber; | K72: Sensores - Lavador de Gases
A73: Temperature - Comp Female Discharge Bearing | B73: Temperatura - Mancal de Descarga do Compressor Fêmea | C73: Temperatura - Mancal de Descarga do Compressor Fêmea | D73: Sim | E73: AttributeTemplate | F73: °C | G73: Double | H73: PI Point | J73: Sensors - Equipment Parts; | K73: Sensores - Componentes do Compressor
A74: Temperature - Comp Female Suction Bearing | B74: Temperatura - Mancal de Sucção do Compressor Fêmea | C74: Temperatura - Mancal de Sucção do Compressor Fêmea | D74: Sim | E74: AttributeTemplate | F74: °C | G74: Double | H74: PI Point | J74: Sensors - Equipment Parts; | K74: Sensores - Componentes do Compressor
A75: Temperature - Comp Female Thrust Bearing | B75: Temperatura - Mancal Axial do Compressor Fêmea | C75: Temperatura - Mancal Axial do Compressor Fêmea | D75: Sim | E75: AttributeTemplate | F75: °C | G75: Double | H75: PI Point | J75: Sensors - Equipment Parts; | K75: Sensores - Componentes do Compressor
A76: Temperature - Comp Male Discharge Bearing | B76: Temperatura - Mancal de Descarga do Compressor Macho | C76: Temperatura - Mancal de Descarga do Compressor Macho | D76: Sim | E76: AttributeTemplate | F76: °C | G76: Double | H76: PI Point | J76: Sensors - Equipment Parts; | K76: Sensores - Componentes do Compressor
A77: Temperature - Comp Male Suction Bearing | B77: Temperatura - Mancal de Sucção do Compressor Macho | C77: Temperatura - Mancal de Sucção do Compressor Macho | D77: Sim | E77: AttributeTemplate | F77: °C | G77: Double | H77: PI Point | J77: Sensors - Equipment Parts; | K77: Sensores - Componentes do Compressor
A78: Temperature - Comp Male Thrust Bearing | B78: Temperatura - Mancal Axial do Compressor Macho | C78: Temperatura - Mancal Axial do Compressor Macho | D78: Sim | E78: AttributeTemplate | F78: °C | G78: Double | H78: PI Point | J78: Sensors - Equipment Parts; | K78: Sensores - Componentes do Compressor
A79: Temperature - Gear Shaft HS Bearing DE (1) | B79: Temperatura - Mancal do Eixo HS da Engrenagem DE (1) | C79: Temperatura - Mancal do Eixo HS da Engrenagem (LA) (1) | D79: Sim | E79: AttributeTemplate | F79: °C | G79: Double | J79: Sensors - Gearbox; | K79: Sensores - Caixa de Engrenagens
A80: Temperature - Gear Shaft HS Bearing DE (2) | B80: Temperatura - Mancal do Eixo HS da Engrenagem DE (2) | C80: Temperatura - Mancal do Eixo HS da Engrenagem (LA) (2) | D80: Sim | E80: AttributeTemplate | F80: °C | G80: Double | J80: Sensors - Gearbox; | K80: Sensores - Caixa de Engrenagens
A81: Temperature - Gear Shaft HS Bearing NDE (1) | B81: Temperatura - Mancal do Eixo HS da Engrenagem NDE (1) | C81: Temperatura - Mancal do Eixo HS da Engrenagem (LOA) (1) | D81: Sim | E81: AttributeTemplate | F81: °C | G81: Double | J81: Sensors - Gearbox; | K81: Sensores - Caixa de Engrenagens
A82: Temperature - Gear Shaft HS Bearing NDE (2) | B82: Temperatura - Mancal do Eixo HS da Engrenagem NDE (2) | C82: Temperatura - Mancal do Eixo HS da Engrenagem (LOA) (2) | D82: Sim | E82: AttributeTemplate | F82: °C | G82: Double | J82: Sensors - Gearbox; | K82: Sensores - Caixa de Engrenagens
A83: Temperature - Gear Shaft LS Bearing DE (1) | B83: Temperatura - Mancal do Eixo LS da Engrenagem DE (1) | C83: Temperatura - Mancal do Eixo LS da Engrenagem (LA) (1) | D83: Sim | E83: AttributeTemplate | F83: °C | G83: Double | J83: Sensors - Gearbox; | K83: Sensores - Caixa de Engrenagens
A84: Temperature - Gear Shaft LS Bearing DE (2) | B84: Temperatura - Mancal do Eixo LS da Engrenagem DE (2) | C84: Temperatura - Mancal do Eixo LS da Engrenagem (LA) (2) | D84: Sim | E84: AttributeTemplate | F84: °C | G84: Double | J84: Sensors - Gearbox; | K84: Sensores - Caixa de Engrenagens
A85: Temperature - Gear Shaft LS Bearing NDE (1) | B85: Temperatura - Mancal do Eixo LS da Engrenagem NDE (1) | C85: Temperatura - Mancal do Eixo LS da Engrenagem (LOA) (1) | D85: Sim | E85: AttributeTemplate | F85: °C | G85: Double | J85: Sensors - Gearbox; | K85: Sensores - Caixa de Engrenagens
A86: Temperature - Gear Shaft LS Bearing NDE (2) | B86: Temperatura - Mancal do Eixo LS da Engrenagem NDE (2) | C86: Temperatura - Mancal do Eixo LS da Engrenagem (LOA) (2) | D86: Sim | E86: AttributeTemplate | F86: °C | G86: Double | J86: Sensors - Gearbox; | K86: Sensores - Caixa de Engrenagens
A87: Temperature - Gear THRST Bearing Inboard (1) | B87: Temperatura - Mancal de Axial da Engrenagem Lado Interno (1) | C87: Temperatura - Mancal de Axial da Engrenagem Lado Interno (1) | D87: Sim | E87: AttributeTemplate | F87: °C | G87: Double | J87: Sensors - Gearbox; | K87: Sensores - Caixa de Engrenagens
A88: Temperature - Gear THRST Bearing Inboard (2) | B88: Temperatura - Mancal de Axial da Engrenagem Lado Interno (2) | C88: Temperatura - Mancal de Axial da Engrenagem Lado Interno (2) | D88: Sim | E88: AttributeTemplate | F88: °C | G88: Double | J88: Sensors - Gearbox; | K88: Sensores - Caixa de Engrenagens
A89: Temperature - Gear THRST Bearing Outboard (1) | B89: Temperatura - Mancal de Axial da Engrenagem Lado Externo (1) | C89: Temperatura - Mancal de Axial da Engrenagem Lado Externo (1) | D89: Sim | E89: AttributeTemplate | F89: °C | G89: Double | J89: Sensors - Gearbox; | K89: Sensores - Caixa de Engrenagens
A90: Temperature - Gear THRST Bearing Outboard (2) | B90: Temperatura - Mancal de Axial da Engrenagem Lado Externo (2) | C90: Temperatura - Mancal de Axial da Engrenagem Lado Externo (2) | D90: Sim | E90: AttributeTemplate | F90: °C | G90: Double | J90: Sensors - Gearbox; | K90: Sensores - Caixa de Engrenagens
A91: Temperature - Process Cooler Outlet | B91: Temperatura - Saída do Resfriador de Processo | C91: Temperatura - Saída do Resfriador de Processo | D91: Sim | E91: AttributeTemplate | F91: °C | G91: Double | J91: Sensors - Process Variables - Suction Cooler; | K91: Sensores - Variáveis de Processo
A92: Temperature - Process Discharge | B92: Temperatura - Descarga do Processo | C92: Temperatura - Descarga do Processo | D92: Sim | E92: AttributeTemplate | F92: °C | G92: Double | H92: PI Point | J92: Sensors - Process Variables - Suction Cooler; | K92: Sensores - Variáveis de Processo
A93: Valve - Recirculation | B93: Válvula - Recirculação | C93: Válvula - Recirculação | D93: Sim | E93: AttributeTemplate | F93: % | G93: Double | J93: Sensors - Process Variables; | K93: Sensores - Variáveis de Processo
A94: Vibration - Comp Female Discharge Bearing (1) | B94: Vibração - Mancal de Descarga do Compressor Fêmea (1) | C94: Vibração - Mancal de Descarga do Compressor Fêmea (1) | D94: Sim | E94: AttributeTemplate | G94: Double | H94: PI Point | J94: Sensors - Equipment Parts; | K94: Sensores - Componentes do Compressor
A95: Vibration - Comp Female Discharge Bearing (2) | B95: Vibração - Mancal de Descarga do Compressor Fêmea (2) | C95: Vibração - Mancal de Descarga do Compressor Fêmea (2) | D95: Sim | E95: AttributeTemplate | G95: Double | H95: PI Point | J95: Sensors - Equipment Parts; | K95: Sensores - Componentes do Compressor
A96: Vibration - Comp Female Suction Bearing (1) | B96: Vibração - Mancal de Sucção do Compressor Fêmea (1) | C96: Vibração - Mancal de Sucção do Compressor Fêmea (1) | D96: Sim | E96: AttributeTemplate | G96: Double | H96: PI Point | J96: Sensors - Equipment Parts; | K96: Sensores - Componentes do Compressor
A97: Vibration - Comp Female Suction Bearing (2) | B97: Vibração - Mancal de Sucção do Compressor Fêmea (2) | C97: Vibração - Mancal de Sucção do Compressor Fêmea (2) | D97: Sim | E97: AttributeTemplate | G97: Double | H97: PI Point | J97: Sensors - Equipment Parts; | K97: Sensores - Componentes do Compressor
A98: Vibration - Comp Male Discharge Bearing (1) | B98: Vibração - Mancal de Descarga do Compressor Macho (1) | C98: Vibração - Mancal de Descarga do Compressor Macho (1) | D98: Sim | E98: AttributeTemplate | G98: Double | H98: PI Point | J98: Sensors - Equipment Parts; | K98: Sensores - Componentes do Compressor
A99: Vibration - Comp Male Discharge Bearing (2) | B99: Vibração - Mancal de Descarga do Compressor Macho (2) | C99: Vibração - Mancal de Descarga do Compressor Macho (2) | D99: Sim | E99: AttributeTemplate | G99: Double | H99: PI Point | J99: Sensors - Equipment Parts; | K99: Sensores - Componentes do Compressor
A100: Vibration - Comp Male Suction Bearing (1) | B100: Vibração - Mancal de Sucção do Compressor Macho (1) | C100: Vibração - Mancal de Sucção do Compressor Macho (1) | D100: Sim | E100: AttributeTemplate | G100: Double | H100: PI Point | J100: Sensors - Equipment Parts; | K100: Sensores - Componentes do Compressor
A101: Vibration - Comp Male Suction Bearing (2) | B101: Vibração - Mancal de Sucção do Compressor Macho (2) | C101: Vibração - Mancal de Sucção do Compressor Macho (2) | D101: Sim | E101: AttributeTemplate | G101: Double | H101: PI Point | J101: Sensors - Equipment Parts; | K101: Sensores - Componentes do Compressor
A102: Vibration - Gear Shaft HS Bearing DE (1) | B102: Vibração - Mancal DE do Eixo HS da Engrenagem (1) | C102: Vibração - Mancal (LA) do Eixo HS da Engrenagem (1) | D102: Sim | E102: AttributeTemplate | G102: Double | J102: Sensors - Gearbox; | K102: Sensores - Caixa de Engrenagens
A103: Vibration - Gear Shaft HS Bearing DE (2) | B103: Vibração - Mancal DE do Eixo HS da Engrenagem (2) | C103: Vibração - Mancal (LA) do Eixo HS da Engrenagem (2) | D103: Sim | E103: AttributeTemplate | G103: Double | J103: Sensors - Gearbox; | K103: Sensores - Caixa de Engrenagens
A104: Vibration - Gear Shaft HS Bearing NDE (1) | B104: Vibração - Mancal NDE do Eixo HS da Engrenagem (1) | C104: Vibração - Mancal (LOA) do Eixo HS da Engrenagem (1) | D104: Sim | E104: AttributeTemplate | G104: Double | J104: Sensors - Gearbox; | K104: Sensores - Caixa de Engrenagens
A105: Vibration - Gear Shaft HS Bearing NDE (2) | B105: Vibração - Mancal NDE do Eixo HS da Engrenagem (2) | C105: Vibração - Mancal (LOA) do Eixo HS da Engrenagem (2) | D105: Sim | E105: AttributeTemplate | G105: Double | J105: Sensors - Gearbox; | K105: Sensores - Caixa de Engrenagens
...

Sheet RASCUNHO LP_IP_HP
A1: Parent | B1: Asset | C1: Name | D1: Value 2 | E1: Name Limiares | F1: Value | G1: UM | H1: Categories | I1: Categories 2 | J1: Notes | K1: Value2 | L1: Limiares2
A2: Compressor Basic | C2: Delta Pressure - ESDVs at the Scrubber Scution Pipe | D2: =_xlfn.REGEXREPLACE(F2, ".*-([A-Za-z]+)-([A-Za-z0-9]+).*", "$1$2") | E2: =IFERROR(TRIM(INDEX(_xlfn.TEXTSPLIT(Table3[[#This Row],[Name]],"|"),1,2)),"") | H2: Sensors - Scrubber; | I2: Sensors - Scrubber; | L2: =IFERROR(TRIM(INDEX(_xlfn.TEXTSPLIT(Table3[[#This Row],[Name]],"|"),1,2)),"") | Y2: Nível - Tanque de Óleo Lubrificante (1)|Hi | AA2: %
A3: Compressor Basic | C3: Delta Pressure - ESDVs at the Scrubber Scution Pipe|Pre-alarm | D3: =_xlfn.REGEXREPLACE(F3, ".*-([A-Za-z]+)-([A-Za-z0-9]+).*", "$1$2") | E3: =IFERROR(TRIM(INDEX(_xlfn.TEXTSPLIT(Table3[[#This Row],[Name]],"|"),1,2)),"") -> Pre-alarm | I3: Sensors - Scrubber; | L3: =IFERROR(TRIM(INDEX(_xlfn.TEXTSPLIT(Table3[[#This Row],[Name]],"|"),1,2)),"") -> Pre-alarm | Y3: Nível - Tanque de Óleo Lubrificante (1)|HiHi | AA3: %
A4: Compressor Basic | B4: FRADE-CAE-1340 & 1345 (LP/IP COMPRESSOR TRAIN 1) | C4: Delta Pressure - Lube Oil Filter | D4: =_xlfn.REGEXREPLACE(F4, ".*-([A-Za-z]+)-([A-Za-z0-9]+).*", "$1$2") -> PDI1222 | E4: =IFERROR(TRIM(INDEX(_xlfn.TEXTSPLIT(Table3[[#This Row],[Name]],"|"),1,2)),"") | F4: FRTS-072-PDI-1222 | G4: bar | H4: Sensors - Lube Oil System; | I4: Sensors - Lube Oil System; | K4: FRTS-072-PDI-1222 | L4: =IFERROR(TRIM(INDEX(_xlfn.TEXTSPLIT(Table3[[#This Row],[Name]],"|"),1,2)),"") | Y4: Nível - Tanque de Óleo Lubrificante (1)|Lo | AA4: %
A5: Compressor Basic | B5: FRADE-CAE-1340 & 1345 (LP/IP COMPRESSOR TRAIN 1) | C5: Delta Pressure - Lube Oil Filter|Hi | D5: =_xlfn.REGEXREPLACE(F5, ".*-([A-Za-z]+)-([A-Za-z0-9]+).*", "$1$2") -> 1 | E5: =IFERROR(TRIM(INDEX(_xlfn.TEXTSPLIT(Table3[[#This Row],[Name]],"|"),1,2)),"") -> Hi | F5: 1 | G5: bar | I5: Sensors - Lube Oil System; | K5: FRTS-072-PDI-1222 | L5: =IFERROR(TRIM(INDEX(_xlfn.TEXTSPLIT(Table3[[#This Row],[Name]],"|"),1,2)),"") -> Hi | Y5: Nível - Tanque de Óleo Lubrificante (1)|Pré-alarme Hi | AA5: %
A6: Compressor Basic | B6: FRADE-CAE-1340 & 1345 (LP/IP COMPRESSOR TRAIN 1) | C6: Delta Pressure - Lube Oil Filter|HiHi | D6: =_xlfn.REGEXREPLACE(F6, ".*-([A-Za-z]+)-([A-Za-z0-9]+).*", "$1$2") | E6: =IFERROR(TRIM(INDEX(_xlfn.TEXTSPLIT(Table3[[#This Row],[Name]],"|"),1,2)),"") -> HiHi | G6: bar | I6: Sensors - Lube Oil System; | K6: FRTS-072-PDI-1222 | L6: =IFERROR(TRIM(INDEX(_xlfn.TEXTSPLIT(Table3[[#This Row],[Name]],"|"),1,2)),"") -> HiHi | Y6: Pressão - Linha Principal de Óleo Lubrificante dos Mancais (2)|Hi | AA6: barg
A7: Compressor Basic | B7: FRADE-CAE-1340 & 1345 (LP/IP COMPRESSOR TRAIN 1) | C7: Delta Pressure - Lube Oil Filter|Pre-alarm Hi | D7: =_xlfn.REGEXREPLACE(F7, ".*-([A-Za-z]+)-([A-Za-z0-9]+).*", "$1$2") | E7: =IFERROR(TRIM(INDEX(_xlfn.TEXTSPLIT(Table3[[#This Row],[Name]],"|"),1,2)),"") -> Pre-alarm Hi | G7: bar | I7: Sensors - Lube Oil System; | K7: FRTS-072-PDI-1222 | L7: =IFERROR(TRIM(INDEX(_xlfn.TEXTSPLIT(Table3[[#This Row],[Name]],"|"),1,2)),"") -> Pre-alarm Hi | Y7: Pressão - Linha Principal de Óleo Lubrificante dos Mancais (2)|Lo | AA7: barg
A8: Compressor Basic | C8: Delta Pressure - Lube Oil Reservoir Pressure to Atm | D8: =_xlfn.REGEXREPLACE(F8, ".*-([A-Za-z]+)-([A-Za-z0-9]+).*", "$1$2") | E8: =IFERROR(TRIM(INDEX(_xlfn.TEXTSPLIT(Table3[[#This Row],[Name]],"|"),1,2)),"") | H8: Sensors - Lube Oil System; | I8: Sensors - Lube Oil System; | L8: =IFERROR(TRIM(INDEX(_xlfn.TEXTSPLIT(Table3[[#This Row],[Name]],"|"),1,2)),"") | Y8: Pressão - Linha Principal de Óleo Lubrificante dos Mancais (2)|Pré-alarme Hi | AA8: barg
A9: Compressor Basic | C9: Delta Pressure - Lube Oil Reservoir Pressure to Atm|Hi | D9: =_xlfn.REGEXREPLACE(F9, ".*-([A-Za-z]+)-([A-Za-z0-9]+).*", "$1$2") | E9: =IFERROR(TRIM(INDEX(_xlfn.TEXTSPLIT(Table3[[#This Row],[Name]],"|"),1,2)),"") -> Hi | I9: Sensors - Lube Oil System; | L9: =IFERROR(TRIM(INDEX(_xlfn.TEXTSPLIT(Table3[[#This Row],[Name]],"|"),1,2)),"") -> Hi | Y9: Temperatura - Tanque de Óleo Lubrificante|Hi | Z9: 75 | AA9: °C
A10: Compressor Basic | C10: Delta Pressure - Lube Oil Reservoir Pressure to Atm|Lo | D10: =_xlfn.REGEXREPLACE(F10, ".*-([A-Za-z]+)-([A-Za-z0-9]+).*", "$1$2") | E10: =IFERROR(TRIM(INDEX(_xlfn.TEXTSPLIT(Table3[[#This Row],[Name]],"|"),1,2)),"") -> Lo | I10: Sensors - Lube Oil System; | L10: =IFERROR(TRIM(INDEX(_xlfn.TEXTSPLIT(Table3[[#This Row],[Name]],"|"),1,2)),"") -> Lo | Y10: Temperatura - Tanque de Óleo Lubrificante|HiHi | AA10: °C
A11: Compressor Basic | B11: FRADE-CAE-1340 & 1345 (LP/IP COMPRESSOR TRAIN 1) | C11: Level - Lube Oil Tank (1) | D11: =_xlfn.REGEXREPLACE(F11, ".*-([A-Za-z]+)-([A-Za-z0-9]+).*", "$1$2") -> LI1212A | E11: =IFERROR(TRIM(INDEX(_xlfn.TEXTSPLIT(Table3[[#This Row],[Name]],"|"),1,2)),"") | F11: FRTS-LI-1212A | G11: % | H11: Sensors - Lube Oil System; | I11: Sensors - Lube Oil System; | K11: FRTS-LI-1212A | L11: =IFERROR(TRIM(INDEX(_xlfn.TEXTSPLIT(Table3[[#This Row],[Name]],"|"),1,2)),"") | Y11: Temperatura - Tanque de Óleo Lubrificante|Lo | Z11: 30 | AA11: °C
A12: Compressor Basic | B12: FRADE-CAE-1340 & 1345 (LP/IP COMPRESSOR TRAIN 1) | C12: Level - Lube Oil Tank (1)|Hi | D12: =_xlfn.REGEXREPLACE(F12, ".*-([A-Za-z]+)-([A-Za-z0-9]+).*", "$1$2") | E12: =IFERROR(TRIM(INDEX(_xlfn.TEXTSPLIT(Table3[[#This Row],[Name]],"|"),1,2)),"") -> Hi | G12: % | I12: Sensors - Lube Oil System; | K12: FRTS-LI-1212A | L12: =IFERROR(TRIM(INDEX(_xlfn.TEXTSPLIT(Table3[[#This Row],[Name]],"|"),1,2)),"") -> Hi | Y12: Temperatura - Tanque de Óleo Lubrificante|Pré-alarme Hi | AA12: °C
A13: Compressor Basic | B13: FRADE-CAE-1340 & 1345 (LP/IP COMPRESSOR TRAIN 1) | C13: Level - Lube Oil Tank (1)|HiHi | D13: =_xlfn.REGEXREPLACE(F13, ".*-([A-Za-z]+)-([A-Za-z0-9]+).*", "$1$2") | E13: =IFERROR(TRIM(INDEX(_xlfn.TEXTSPLIT(Table3[[#This Row],[Name]],"|"),1,2)),"") -> HiHi | G13: % | I13: Sensors - Lube Oil System; | K13: FRTS-LI-1212A | L13: =IFERROR(TRIM(INDEX(_xlfn.TEXTSPLIT(Table3[[#This Row],[Name]],"|"),1,2)),"") -> HiHi | Y13: Temperatura - Mancal do Motor (LA)|Hi | Z13: 90 | AA13: °C
A14: Compressor Basic | B14: FRADE-CAE-1340 & 1345 (LP/IP COMPRESSOR TRAIN 1) | C14: Level - Lube Oil Tank (1)|Lo | D14: =_xlfn.REGEXREPLACE(F14, ".*-([A-Za-z]+)-([A-Za-z0-9]+).*", "$1$2") | E14: =IFERROR(TRIM(INDEX(_xlfn.TEXTSPLIT(Table3[[#This Row],[Name]],"|"),1,2)),"") -> Lo | G14: % | I14: Sensors - Lube Oil System; | K14: FRTS-LI-1212A | L14: =IFERROR(TRIM(INDEX(_xlfn.TEXTSPLIT(Table3[[#This Row],[Name]],"|"),1,2)),"") -> Lo | Y14: Temperatura - Mancal do Motor (LA)|HiHi | Z14: 95 | AA14: °C
A15: Compressor Basic | B15: FRADE-CAE-1340 & 1345 (LP/IP COMPRESSOR TRAIN 1) | C15: Level - Lube Oil Tank (1)|LoLo | D15: =_xlfn.REGEXREPLACE(F15, ".*-([A-Za-z]+)-([A-Za-z0-9]+).*", "$1$2") | E15: =IFERROR(TRIM(INDEX(_xlfn.TEXTSPLIT(Table3[[#This Row],[Name]],"|"),1,2)),"") -> LoLo | G15: % | I15: Sensors - Lube Oil System; | K15: FRTS-LI-1212A | L15: =IFERROR(TRIM(INDEX(_xlfn.TEXTSPLIT(Table3[[#This Row],[Name]],"|"),1,2)),"") -> LoLo | Y15: Temperatura - Mancal do Motor (LA)|Pré-alarme Hi | AA15: °C
A16: Compressor Basic | B16: FRADE-CAE-1340 & 1345 (LP/IP COMPRESSOR TRAIN 1) | C16: Level - Lube Oil Tank (1)|Pre-alarm Hi | D16: =_xlfn.REGEXREPLACE(F16, ".*-([A-Za-z]+)-([A-Za-z0-9]+).*", "$1$2") | E16: =IFERROR(TRIM(INDEX(_xlfn.TEXTSPLIT(Table3[[#This Row],[Name]],"|"),1,2)),"") -> Pre-alarm Hi | G16: % | I16: Sensors - Lube Oil System; | K16: FRTS-LI-1212A | L16: =IFERROR(TRIM(INDEX(_xlfn.TEXTSPLIT(Table3[[#This Row],[Name]],"|"),1,2)),"") -> Pre-alarm Hi | Y16: Temperatura - Mancal do Motor (LOA)|Hi | Z16: 90 | AA16: °C
A17: Compressor Basic | B17: FRADE-CAE-1340 & 1345 (LP/IP COMPRESSOR TRAIN 1) | C17: Level - Lube Oil Tank (1)|Pre-alarm Lo | D17: =_xlfn.REGEXREPLACE(F17, ".*-([A-Za-z]+)-([A-Za-z0-9]+).*", "$1$2") | E17: =IFERROR(TRIM(INDEX(_xlfn.TEXTSPLIT(Table3[[#This Row],[Name]],"|"),1,2)),"") -> Pre-alarm Lo | G17: % | I17: Sensors - Lube Oil System; | K17: FRTS-LI-1212A | L17: =IFERROR(TRIM(INDEX(_xlfn.TEXTSPLIT(Table3[[#This Row],[Name]],"|"),1,2)),"") -> Pre-alarm Lo | Y17: Temperatura - Mancal do Motor (LOA)|HiHi | Z17: 95 | AA17: °C
A18: Compressor Basic | B18: FRADE-CAE-1340 & 1345 (LP/IP COMPRESSOR TRAIN 1) | C18: Level - Lube Oil Tank (2) | D18: =_xlfn.REGEXREPLACE(F18, ".*-([A-Za-z]+)-([A-Za-z0-9]+).*", "$1$2") -> LI1212B | E18: =IFERROR(TRIM(INDEX(_xlfn.TEXTSPLIT(Table3[[#This Row],[Name]],"|"),1,2)),"") | F18: FRTS-071-LI-1212B | H18: Sensors - Lube Oil System; | I18: Sensors - Lube Oil System; | J18: Não encontrado no PI | K18: FRTS-LI-1212B | L18: =IFERROR(TRIM(INDEX(_xlfn.TEXTSPLIT(Table3[[#This Row],[Name]],"|"),1,2)),"") | Y18: Temperatura - Mancal do Motor (LOA)|Pré-alarme Hi | AA18: °C
A19: Compressor Basic | B19: FRADE-CAE-1340 & 1345 (LP/IP COMPRESSOR TRAIN 1) | C19: Level - Lube Oil Tank (2)|Hi | D19: =_xlfn.REGEXREPLACE(F19, ".*-([A-Za-z]+)-([A-Za-z0-9]+).*", "$1$2") | E19: =IFERROR(TRIM(INDEX(_xlfn.TEXTSPLIT(Table3[[#This Row],[Name]],"|"),1,2)),"") -> Hi | I19: Sensors - Lube Oil System; | K19: FRTS-LI-1212B | L19: =IFERROR(TRIM(INDEX(_xlfn.TEXTSPLIT(Table3[[#This Row],[Name]],"|"),1,2)),"") -> Hi | Y19: Temperatura - Ar Frio do Estator (1)|Hi | Z19: 55 | AA19: °C
A20: Compressor Basic | B20: FRADE-CAE-1340 & 1345 (LP/IP COMPRESSOR TRAIN 1) | C20: Level - Lube Oil Tank (2)|HiHi | D20: =_xlfn.REGEXREPLACE(F20, ".*-([A-Za-z]+)-([A-Za-z0-9]+).*", "$1$2") | E20: =IFERROR(TRIM(INDEX(_xlfn.TEXTSPLIT(Table3[[#This Row],[Name]],"|"),1,2)),"") -> HiHi | I20: Sensors - Lube Oil System; | K20: FRTS-LI-1212B | L20: =IFERROR(TRIM(INDEX(_xlfn.TEXTSPLIT(Table3[[#This Row],[Name]],"|"),1,2)),"") -> HiHi | Y20: Temperatura - Ar Frio do Estator (1)|HiHi | Z20: 60 | AA20: °C
A21: Compressor Basic | B21: FRADE-CAE-1340 & 1345 (LP/IP COMPRESSOR TRAIN 1) | C21: Level - Lube Oil Tank (2)|Lo | D21: =_xlfn.REGEXREPLACE(F21, ".*-([A-Za-z]+)-([A-Za-z0-9]+).*", "$1$2") | E21: =IFERROR(TRIM(INDEX(_xlfn.TEXTSPLIT(Table3[[#This Row],[Name]],"|"),1,2)),"") -> Lo | I21: Sensors - Lube Oil System; | K21: FRTS-LI-1212B | L21: =IFERROR(TRIM(INDEX(_xlfn.TEXTSPLIT(Table3[[#This Row],[Name]],"|"),1,2)),"") -> Lo | Y21: Temperatura - Ar Frio do Estator (1)|Pré-alarme Hi | AA21: °C
A22: Compressor Basic | B22: FRADE-CAE-1340 & 1345 (LP/IP COMPRESSOR TRAIN 1) | C22: Level - Lube Oil Tank (2)|LoLo | D22: =_xlfn.REGEXREPLACE(F22, ".*-([A-Za-z]+)-([A-Za-z0-9]+).*", "$1$2") | E22: =IFERROR(TRIM(INDEX(_xlfn.TEXTSPLIT(Table3[[#This Row],[Name]],"|"),1,2)),"") -> LoLo | I22: Sensors - Lube Oil System; | K22: FRTS-LI-1212B | L22: =IFERROR(TRIM(INDEX(_xlfn.TEXTSPLIT(Table3[[#This Row],[Name]],"|"),1,2)),"") -> LoLo | Y22: Temperatura - Ar Quente do Estator|Hi | Z22: 105 | AA22: °C
A23: Compressor Basic | B23: FRADE-CAE-1340 & 1345 (LP/IP COMPRESSOR TRAIN 1) | C23: Level - Lube Oil Tank (2)|Pre-alarm Hi | D23: =_xlfn.REGEXREPLACE(F23, ".*-([A-Za-z]+)-([A-Za-z0-9]+).*", "$1$2") | E23: =IFERROR(TRIM(INDEX(_xlfn.TEXTSPLIT(Table3[[#This Row],[Name]],"|"),1,2)),"") -> Pre-alarm Hi | I23: Sensors - Lube Oil System; | K23: FRTS-LI-1212B | L23: =IFERROR(TRIM(INDEX(_xlfn.TEXTSPLIT(Table3[[#This Row],[Name]],"|"),1,2)),"") -> Pre-alarm Hi | Y23: Temperatura - Ar Quente do Estator|HiHi | Z23: 110 | AA23: °C
A24: Compressor Basic | B24: FRADE-CAE-1340 & 1345 (LP/IP COMPRESSOR TRAIN 1) | C24: Level - Lube Oil Tank (2)|Pre-alarm Lo | D24: =_xlfn.REGEXREPLACE(F24, ".*-([A-Za-z]+)-([A-Za-z0-9]+).*", "$1$2") | E24: =IFERROR(TRIM(INDEX(_xlfn.TEXTSPLIT(Table3[[#This Row],[Name]],"|"),1,2)),"") -> Pre-alarm Lo | I24: Sensors - Lube Oil System; | K24: FRTS-LI-1212B | L24: =IFERROR(TRIM(INDEX(_xlfn.TEXTSPLIT(Table3[[#This Row],[Name]],"|"),1,2)),"") -> Pre-alarm Lo | Y24: Temperatura - Ar Quente do Estator|Pré-alarme Hi | AA24: °C
A25: Compressor Basic | B25: FRADE-CAE-1340 & 1345 (LP/IP COMPRESSOR TRAIN 1) | C25: Level - Rundown Tank | D25: =_xlfn.REGEXREPLACE(F25, ".*-([A-Za-z]+)-([A-Za-z0-9]+).*", "$1$2") -> LT1228 | E25: =IFERROR(TRIM(INDEX(_xlfn.TEXTSPLIT(Table3[[#This Row],[Name]],"|"),1,2)),"") | F25: FRTS-071-LT-1228 | H25: Sensors - Lube Oil System; | I25: Sensors - Lube Oil System; | J25: Não encontrado no PI | K25: LT1228 | L25: =IFERROR(TRIM(INDEX(_xlfn.TEXTSPLIT(Table3[[#This Row],[Name]],"|"),1,2)),"") | Y25: Temperatura - Estator Fase U|Hi | Z25: 140 | AA25: °C
A26: Compressor Basic | B26: FRADE-CAE-1340 & 1345 (LP/IP COMPRESSOR TRAIN 1) | C26: Level - Rundown Tank|Hi | D26: =_xlfn.REGEXREPLACE(F26, ".*-([A-Za-z]+)-([A-Za-z0-9]+).*", "$1$2") | E26: =IFERROR(TRIM(INDEX(_xlfn.TEXTSPLIT(Table3[[#This Row],[Name]],"|"),1,2)),"") -> Hi | I26: Sensors - Lube Oil System; | J26: Não encontrado no PI | K26: LT1228 | L26: =IFERROR(TRIM(INDEX(_xlfn.TEXTSPLIT(Table3[[#This Row],[Name]],"|"),1,2)),"") -> Hi | Y26: Temperatura - Estator Fase U|HiHi | Z26: 150 | AA26: °C
A27: Compressor Basic | B27: FRADE-CAE-1340 & 1345 (LP/IP COMPRESSOR TRAIN 1) | C27: Level - Rundown Tank|Lo | D27: =_xlfn.REGEXREPLACE(F27, ".*-([A-Za-z]+)-([A-Za-z0-9]+).*", "$1$2") | E27: =IFERROR(TRIM(INDEX(_xlfn.TEXTSPLIT(Table3[[#This Row],[Name]],"|"),1,2)),"") -> Lo | I27: Sensors - Lube Oil System; | J27: Não encontrado no PI | K27: LT1228 | L27: =IFERROR(TRIM(INDEX(_xlfn.TEXTSPLIT(Table3[[#This Row],[Name]],"|"),1,2)),"") -> Lo | Y27: Temperatura - Estator Fase U|Lo | AA27: °C
A28: Compressor Basic | B28: FRADE-CAE-1340 & 1345 (LP/IP COMPRESSOR TRAIN 1) | C28: Level - Rundown Tank|LoLo | D28: =_xlfn.REGEXREPLACE(F28, ".*-([A-Za-z]+)-([A-Za-z0-9]+).*", "$1$2") | E28: =IFERROR(TRIM(INDEX(_xlfn.TEXTSPLIT(Table3[[#This Row],[Name]],"|"),1,2)),"") -> LoLo | I28: Sensors - Lube Oil System; | J28: Não encontrado no PI | K28: LT1228 | L28: =IFERROR(TRIM(INDEX(_xlfn.TEXTSPLIT(Table3[[#This Row],[Name]],"|"),1,2)),"") -> LoLo | Y28: Temperatura - Estator Fase U|Pré-alarme Hi | AA28: °C
A29: Compressor Basic | B29: FRADE-CAE-1340 & 1345 (LP/IP COMPRESSOR TRAIN 1) | C29: Level - Rundown Tank|Pre-alarm Lo | D29: =_xlfn.REGEXREPLACE(F29, ".*-([A-Za-z]+)-([A-Za-z0-9]+).*", "$1$2") | E29: =IFERROR(TRIM(INDEX(_xlfn.TEXTSPLIT(Table3[[#This Row],[Name]],"|"),1,2)),"") -> Pre-alarm Lo | I29: Sensors - Lube Oil System; | J29: Não encontrado no PI | K29: LT1228 | L29: =IFERROR(TRIM(INDEX(_xlfn.TEXTSPLIT(Table3[[#This Row],[Name]],"|"),1,2)),"") -> Pre-alarm Lo | Y29: Temperatura - Estator Fase U (2)|Hi | Z29: 140 | AA29: °C
A30: Compressor Basic | C30: Level - Scrubber | D30: =_xlfn.REGEXREPLACE(F30, ".*-([A-Za-z]+)-([A-Za-z0-9]+).*", "$1$2") | E30: =IFERROR(TRIM(INDEX(_xlfn.TEXTSPLIT(Table3[[#This Row],[Name]],"|"),1,2)),"") | H30: Sensors - Scrubber; | I30: Sensors - Scrubber; | L30: =IFERROR(TRIM(INDEX(_xlfn.TEXTSPLIT(Table3[[#This Row],[Name]],"|"),1,2)),"") | Y30: Temperatura - Estator Fase U (2)|HiHi | Z30: 150 | AA30: °C
A31: Compressor Basic | C31: Level - Scrubber Control | D31: =_xlfn.REGEXREPLACE(F31, ".*-([A-Za-z]+)-([A-Za-z0-9]+).*", "$1$2") | E31: =IFERROR(TRIM(INDEX(_xlfn.TEXTSPLIT(Table3[[#This Row],[Name]],"|"),1,2)),"") | H31: Sensors - Scrubber; | I31: Sensors - Scrubber; | L31: =IFERROR(TRIM(INDEX(_xlfn.TEXTSPLIT(Table3[[#This Row],[Name]],"|"),1,2)),"") | Y31: Temperatura - Estator Fase U (2)|Lo | AA31: °C
A32: Compressor Basic | C32: Particle Count|Assay | D32: =_xlfn.REGEXREPLACE(F32, ".*-([A-Za-z]+)-([A-Za-z0-9]+).*", "$1$2") | E32: =IFERROR(TRIM(INDEX(_xlfn.TEXTSPLIT(Table3[[#This Row],[Name]],"|"),1,2)),"") -> Assay | I32: Sensors - Scrubber; | L32: =IFERROR(TRIM(INDEX(_xlfn.TEXTSPLIT(Table3[[#This Row],[Name]],"|"),1,2)),"") -> Assay | Y32: Temperatura - Estator Fase U (2)|Pré-alarme Hi | AA32: °C
A33: Compressor Basic | C33: Particle Count|Hi | D33: =_xlfn.REGEXREPLACE(F33, ".*-([A-Za-z]+)-([A-Za-z0-9]+).*", "$1$2") | E33: =IFERROR(TRIM(INDEX(_xlfn.TEXTSPLIT(Table3[[#This Row],[Name]],"|"),1,2)),"") -> Hi | I33: Sensors - Scrubber; | L33: =IFERROR(TRIM(INDEX(_xlfn.TEXTSPLIT(Table3[[#This Row],[Name]],"|"),1,2)),"") -> Hi | Y33: Temperatura - Estator Fase V|Hi | Z33: 140 | AA33: °C
A34: Compressor Basic | C34: Particle Count|Particle Count - String | D34: =_xlfn.REGEXREPLACE(F34, ".*-([A-Za-z]+)-([A-Za-z0-9]+).*", "$1$2") | E34: =IFERROR(TRIM(INDEX(_xlfn.TEXTSPLIT(Table3[[#This Row],[Name]],"|"),1,2)),"") -> Particle Count - String | I34: Sensors - Scrubber; | L34: =IFERROR(TRIM(INDEX(_xlfn.TEXTSPLIT(Table3[[#This Row],[Name]],"|"),1,2)),"") -> Particle Count - String | Y34: Temperatura - Estator Fase V|HiHi | Z34: 150 | AA34: °C
A35: Compressor Basic | C35: Particle Count|Particle Count - String|Replaced | D35: =_xlfn.REGEXREPLACE(F35, ".*-([A-Za-z]+)-([A-Za-z0-9]+).*", "$1$2") | E35: =IFERROR(TRIM(INDEX(_xlfn.TEXTSPLIT(Table3[[#This Row],[Name]],"|"),1,2)),"") -> Particle Count - String | I35: Sensors - Scrubber; | L35: =IFERROR(TRIM(INDEX(_xlfn.TEXTSPLIT(Table3[[#This Row],[Name]],"|"),1,2)),"") -> Particle Count - String | Y35: Temperatura - Estator Fase V|Lo | AA35: °C
A36: Compressor Basic | C36: Particle Count|Replaced | D36: =_xlfn.REGEXREPLACE(F36, ".*-([A-Za-z]+)-([A-Za-z0-9]+).*", "$1$2") | E36: =IFERROR(TRIM(INDEX(_xlfn.TEXTSPLIT(Table3[[#This Row],[Name]],"|"),1,2)),"") -> Replaced | I36: Sensors - Scrubber; | L36: =IFERROR(TRIM(INDEX(_xlfn.TEXTSPLIT(Table3[[#This Row],[Name]],"|"),1,2)),"") -> Replaced | Y36: Temperatura - Estator Fase V|Pré-alarme Hi | AA36: °C
A37: Compressor Basic | C37: Particle Count|Type | D37: =_xlfn.REGEXREPLACE(F37, ".*-([A-Za-z]+)-([A-Za-z0-9]+).*", "$1$2") | E37: =IFERROR(TRIM(INDEX(_xlfn.TEXTSPLIT(Table3[[#This Row],[Name]],"|"),1,2)),"") -> Type | I37: Sensors - Scrubber; | L37: =IFERROR(TRIM(INDEX(_xlfn.TEXTSPLIT(Table3[[#This Row],[Name]],"|"),1,2)),"") -> Type | Y37: Temperatura - Estator Fase V (2)|Hi | Z37: 140 | AA37: °C
A38: Compressor Basic | C38: Pressure - Lube Oil Auxiliary Pump Discharge | D38: =_xlfn.REGEXREPLACE(F38, ".*-([A-Za-z]+)-([A-Za-z0-9]+).*", "$1$2") | E38: =IFERROR(TRIM(INDEX(_xlfn.TEXTSPLIT(Table3[[#This Row],[Name]],"|"),1,2)),"") | H38: Sensors - Lube Oil System; | I38: Sensors - Lube Oil System; | L38: =IFERROR(TRIM(INDEX(_xlfn.TEXTSPLIT(Table3[[#This Row],[Name]],"|"),1,2)),"") | Y38: Temperatura - Estator Fase V (2)|HiHi | Z38: 150 | AA38: °C
A39: Compressor Basic | C39: Pressure - Lube Oil Auxiliary Pump Discharge|Hi | D39: =_xlfn.REGEXREPLACE(F39, ".*-([A-Za-z]+)-([A-Za-z0-9]+).*", "$1$2") | E39: =IFERROR(TRIM(INDEX(_xlfn.TEXTSPLIT(Table3[[#This Row],[Name]],"|"),1,2)),"") -> Hi | I39: Sensors - Lube Oil System; | L39: =IFERROR(TRIM(INDEX(_xlfn.TEXTSPLIT(Table3[[#This Row],[Name]],"|"),1,2)),"") -> Hi | Y39: Temperatura - Estator Fase V (2)|Lo | AA39: °C
A40: Compressor Basic | C40: Pressure - Lube Oil Auxiliary Pump Discharge|Lo | D40: =_xlfn.REGEXREPLACE(F40, ".*-([A-Za-z]+)-([A-Za-z0-9]+).*", "$1$2") | E40: =IFERROR(TRIM(INDEX(_xlfn.TEXTSPLIT(Table3[[#This Row],[Name]],"|"),1,2)),"") -> Lo | I40: Sensors - Lube Oil System; | L40: =IFERROR(TRIM(INDEX(_xlfn.TEXTSPLIT(Table3[[#This Row],[Name]],"|"),1,2)),"") -> Lo | Y40: Temperatura - Estator Fase V (2)|Pré-alarme Hi | AA40: °C
A41: Compressor Basic | C41: Pressure - Lube Oil Auxiliary Pump Discharge|LoLo | D41: =_xlfn.REGEXREPLACE(F41, ".*-([A-Za-z]+)-([A-Za-z0-9]+).*", "$1$2") | E41: =IFERROR(TRIM(INDEX(_xlfn.TEXTSPLIT(Table3[[#This Row],[Name]],"|"),1,2)),"") -> LoLo | I41: Sensors - Lube Oil System; | L41: =IFERROR(TRIM(INDEX(_xlfn.TEXTSPLIT(Table3[[#This Row],[Name]],"|"),1,2)),"") -> LoLo | Y41: Temperatura - Estator Fase W|Hi | Z41: 140 | AA41: °C
A42: Compressor Basic | C42: Pressure - Lube Oil Auxiliary Pump Discharge|Pre-alarm Hi | D42: =_xlfn.REGEXREPLACE(F42, ".*-([A-Za-z]+)-([A-Za-z0-9]+).*", "$1$2") | E42: =IFERROR(TRIM(INDEX(_xlfn.TEXTSPLIT(Table3[[#This Row],[Name]],"|"),1,2)),"") -> Pre-alarm Hi | I42: Sensors - Lube Oil System; | L42: =IFERROR(TRIM(INDEX(_xlfn.TEXTSPLIT(Table3[[#This Row],[Name]],"|"),1,2)),"") -> Pre-alarm Hi | Y42: Temperatura - Estator Fase W|HiHi | Z42: 150 | AA42: °C
A43: Compressor Basic | C43: Pressure - Lube Oil Auxiliary Pump Discharge|Pre-alarm Lo | D43: =_xlfn.REGEXREPLACE(F43, ".*-([A-Za-z]+)-([A-Za-z0-9]+).*", "$1$2") | E43: =IFERROR(TRIM(INDEX(_xlfn.TEXTSPLIT(Table3[[#This Row],[Name]],"|"),1,2)),"") -> Pre-alarm Lo | I43: Sensors - Lube Oil System; | L43: =IFERROR(TRIM(INDEX(_xlfn.TEXTSPLIT(Table3[[#This Row],[Name]],"|"),1,2)),"") -> Pre-alarm Lo | Y43: Temperatura - Estator Fase W|Lo | AA43: °C
A44: Compressor Basic | C44: Pressure - Lube Oil Main Pump Discharge | D44: =_xlfn.REGEXREPLACE(F44, ".*-([A-Za-z]+)-([A-Za-z0-9]+).*", "$1$2") | E44: =IFERROR(TRIM(INDEX(_xlfn.TEXTSPLIT(Table3[[#This Row],[Name]],"|"),1,2)),"") | H44: Sensors - Lube Oil System; | I44: Sensors - Lube Oil System; | L44: =IFERROR(TRIM(INDEX(_xlfn.TEXTSPLIT(Table3[[#This Row],[Name]],"|"),1,2)),"") | Y44: Temperatura - Estator Fase W|Pré-alarme Hi | AA44: °C
A45: Compressor Basic | C45: Pressure - Lube Oil Main Pump Discharge|Hi | D45: =_xlfn.REGEXREPLACE(F45, ".*-([A-Za-z]+)-([A-Za-z0-9]+).*", "$1$2") | E45: =IFERROR(TRIM(INDEX(_xlfn.TEXTSPLIT(Table3[[#This Row],[Name]],"|"),1,2)),"") -> Hi | I45: Sensors - Lube Oil System; | L45: =IFERROR(TRIM(INDEX(_xlfn.TEXTSPLIT(Table3[[#This Row],[Name]],"|"),1,2)),"") -> Hi | Y45: Temperatura - Estator Fase W (2)|Hi | Z45: 140 | AA45: °C
A46: Compressor Basic | C46: Pressure - Lube Oil Main Pump Discharge|Lo | D46: =_xlfn.REGEXREPLACE(F46, ".*-([A-Za-z]+)-([A-Za-z0-9]+).*", "$1$2") | E46: =IFERROR(TRIM(INDEX(_xlfn.TEXTSPLIT(Table3[[#This Row],[Name]],"|"),1,2)),"") -> Lo | I46: Sensors - Lube Oil System; | L46: =IFERROR(TRIM(INDEX(_xlfn.TEXTSPLIT(Table3[[#This Row],[Name]],"|"),1,2)),"") -> Lo | Y46: Temperatura - Estator Fase W (2)|HiHi | Z46: 150 | AA46: °C
A47: Compressor Basic | C47: Pressure - Lube Oil Main Pump Discharge|LoLo | D47: =_xlfn.REGEXREPLACE(F47, ".*-([A-Za-z]+)-([A-Za-z0-9]+).*", "$1$2") | E47: =IFERROR(TRIM(INDEX(_xlfn.TEXTSPLIT(Table3[[#This Row],[Name]],"|"),1,2)),"") -> LoLo | I47: Sensors - Lube Oil System; | L47: =IFERROR(TRIM(INDEX(_xlfn.TEXTSPLIT(Table3[[#This Row],[Name]],"|"),1,2)),"") -> LoLo | Y47: Temperatura - Estator Fase W (2)|Lo | AA47: °C
A48: Compressor Basic | C48: Pressure - Lube Oil Main Pump Discharge|Pre-alarm Hi | D48: =_xlfn.REGEXREPLACE(F48, ".*-([A-Za-z]+)-([A-Za-z0-9]+).*", "$1$2") | E48: =IFERROR(TRIM(INDEX(_xlfn.TEXTSPLIT(Table3[[#This Row],[Name]],"|"),1,2)),"") -> Pre-alarm Hi | I48: Sensors - Lube Oil System; | L48: =IFERROR(TRIM(INDEX(_xlfn.TEXTSPLIT(Table3[[#This Row],[Name]],"|"),1,2)),"") -> Pre-alarm Hi | Y48: Temperatura - Estator Fase W (2)|Pré-alarme Hi | AA48: °C
A49: Compressor Basic | C49: Pressure - Lube Oil Main Pump Discharge|Pre-alarm Lo | D49: =_xlfn.REGEXREPLACE(F49, ".*-([A-Za-z]+)-([A-Za-z0-9]+).*", "$1$2") | E49: =IFERROR(TRIM(INDEX(_xlfn.TEXTSPLIT(Table3[[#This Row],[Name]],"|"),1,2)),"") -> Pre-alarm Lo | I49: Sensors - Lube Oil System; | L49: =IFERROR(TRIM(INDEX(_xlfn.TEXTSPLIT(Table3[[#This Row],[Name]],"|"),1,2)),"") -> Pre-alarm Lo | Y49: Vibração - Mancal do Motor (LA) (1)|HiHi | Z49: 274 | AA49: μm
A50: Compressor Basic | C50: Pressure - Rundown Tank | D50: =_xlfn.REGEXREPLACE(F50, ".*-([A-Za-z]+)-([A-Za-z0-9]+).*", "$1$2") | E50: =IFERROR(TRIM(INDEX(_xlfn.TEXTSPLIT(Table3[[#This Row],[Name]],"|"),1,2)),"") | H50: Sensors - Lube Oil System; | I50: Sensors - Lube Oil System; | L50: =IFERROR(TRIM(INDEX(_xlfn.TEXTSPLIT(Table3[[#This Row],[Name]],"|"),1,2)),"") | Y50: Vibração - Mancal do Motor (LA) (1)|HiHi | Z50: 308 | AA50: μm
A51: Compressor Basic | C51: Pressure - Rundown Tank|Hi | D51: =_xlfn.REGEXREPLACE(F51, ".*-([A-Za-z]+)-([A-Za-z0-9]+).*", "$1$2") | E51: =IFERROR(TRIM(INDEX(_xlfn.TEXTSPLIT(Table3[[#This Row],[Name]],"|"),1,2)),"") -> Hi | I51: Sensors - Lube Oil System; | L51: =IFERROR(TRIM(INDEX(_xlfn.TEXTSPLIT(Table3[[#This Row],[Name]],"|"),1,2)),"") -> Hi | Y51: Vibração - Mancal do Motor (LA) (1)|Pré-alarme Hi | AA51: μm
A52: Compressor Basic | C52: Pressure - Discharge | D52: =_xlfn.REGEXREPLACE(F52, ".*-([A-Za-z]+)-([A-Za-z0-9]+).*", "$1$2") | E52: =IFERROR(TRIM(INDEX(_xlfn.TEXTSPLIT(Table3[[#This Row],[Name]],"|"),1,2)),"") | H52: Sensors - Process Variables; | I52: Sensors - Process Variables; | L52: =IFERROR(TRIM(INDEX(_xlfn.TEXTSPLIT(Table3[[#This Row],[Name]],"|"),1,2)),"") | Y52: Vibração - Mancal do Motor (LA) (2)|Hi | Z52: 274 | AA52: μm
A53: Compressor Basic | C53: Pressure - Discharge|Hi | D53: =_xlfn.REGEXREPLACE(F53, ".*-([A-Za-z]+)-([A-Za-z0-9]+).*", "$1$2") | E53: =IFERROR(TRIM(INDEX(_xlfn.TEXTSPLIT(Table3[[#This Row],[Name]],"|"),1,2)),"") -> Hi | I53: Sensors - Process Variables; | L53: =IFERROR(TRIM(INDEX(_xlfn.TEXTSPLIT(Table3[[#This Row],[Name]],"|"),1,2)),"") -> Hi | Y53: Vibração - Mancal do Motor (LA) (2)|HiHi | Z53: 308 | AA53: μm
A54: Compressor Basic | C54: Pressure - Discharge|Lo | D54: =_xlfn.REGEXREPLACE(F54, ".*-([A-Za-z]+)-([A-Za-z0-9]+).*", "$1$2") | E54: =IFERROR(TRIM(INDEX(_xlfn.TEXTSPLIT(Table3[[#This Row],[Name]],"|"),1,2)),"") -> Lo | I54: Sensors - Process Variables; | L54: =IFERROR(TRIM(INDEX(_xlfn.TEXTSPLIT(Table3[[#This Row],[Name]],"|"),1,2)),"") -> Lo | Y54: Vibração - Mancal do Motor (LA) (2)|Pré-alarme Hi | AA54: μm
A55: Compressor Basic | C55: Pressure - Discharge|Pre-alarm Lo | D55: =_xlfn.REGEXREPLACE(F55, ".*-([A-Za-z]+)-([A-Za-z0-9]+).*", "$1$2") | E55: =IFERROR(TRIM(INDEX(_xlfn.TEXTSPLIT(Table3[[#This Row],[Name]],"|"),1,2)),"") -> Pre-alarm Lo | I55: Sensors - Process Variables; | L55: =IFERROR(TRIM(INDEX(_xlfn.TEXTSPLIT(Table3[[#This Row],[Name]],"|"),1,2)),"") -> Pre-alarm Lo | Y55: Vibração - Mancal do Motor (LOA) (1)|Hi | Z55: 274 | AA55: μm
A56: Compressor Basic | C56: Pressure - Discharge|Pressure - Suction Upstream Stage | D56: =_xlfn.REGEXREPLACE(F56, ".*-([A-Za-z]+)-([A-Za-z0-9]+).*", "$1$2") | E56: =IFERROR(TRIM(INDEX(_xlfn.TEXTSPLIT(Table3[[#This Row],[Name]],"|"),1,2)),"") -> Pressure - Suction Upstream Stage | I56: Sensors - Process Variables; | L56: =IFERROR(TRIM(INDEX(_xlfn.TEXTSPLIT(Table3[[#This Row],[Name]],"|"),1,2)),"") -> Pressure - Suction Upstream Stage | Y56: Vibração - Mancal do Motor (LOA) (1)|HiHi | Z56: 308 | AA56: μm
A57: Compressor Basic | C57: Pressure - Downstream Lube Oil Filter | D57: =_xlfn.REGEXREPLACE(F57, ".*-([A-Za-z]+)-([A-Za-z0-9]+).*", "$1$2") | E57: =IFERROR(TRIM(INDEX(_xlfn.TEXTSPLIT(Table3[[#This Row],[Name]],"|"),1,2)),"") | H57: Sensors - Lube Oil System; | I57: Sensors - Lube Oil System; | L57: =IFERROR(TRIM(INDEX(_xlfn.TEXTSPLIT(Table3[[#This Row],[Name]],"|"),1,2)),"") | Y57: Vibração - Mancal do Motor (LOA) (1)|Pré-alarme Hi | AA57: μm
A58: Compressor Basic | C58: Pressure - Downstream Lube Oil Filter|Hi | D58: =_xlfn.REGEXREPLACE(F58, ".*-([A-Za-z]+)-([A-Za-z0-9]+).*", "$1$2") | E58: =IFERROR(TRIM(INDEX(_xlfn.TEXTSPLIT(Table3[[#This Row],[Name]],"|"),1,2)),"") -> Hi | I58: Sensors - Lube Oil System; | L58: =IFERROR(TRIM(INDEX(_xlfn.TEXTSPLIT(Table3[[#This Row],[Name]],"|"),1,2)),"") -> Hi | Y58: Vibração - Mancal do Motor (LOA) (2)|Hi | Z58: 274 | AA58: μm
A59: Compressor Basic | C59: Pressure - Downstream Lube Oil Filter|Lo | D59: =_xlfn.REGEXREPLACE(F59, ".*-([A-Za-z]+)-([A-Za-z0-9]+).*", "$1$2") | E59: =IFERROR(TRIM(INDEX(_xlfn.TEXTSPLIT(Table3[[#This Row],[Name]],"|"),1,2)),"") -> Lo | I59: Sensors - Lube Oil System; | L59: =IFERROR(TRIM(INDEX(_xlfn.TEXTSPLIT(Table3[[#This Row],[Name]],"|"),1,2)),"") -> Lo | Y59: Vibração - Mancal do Motor (LOA) (2)|HiHi | Z59: 308 | AA59: μm
A60: Compressor Basic | C60: Pressure - Downstream Lube Oil Filter|Pre-alarm Hi | D60: =_xlfn.REGEXREPLACE(F60, ".*-([A-Za-z]+)-([A-Za-z0-9]+).*", "$1$2") | E60: =IFERROR(TRIM(INDEX(_xlfn.TEXTSPLIT(Table3[[#This Row],[Name]],"|"),1,2)),"") -> Pre-alarm Hi | I60: Sensors - Lube Oil System; | L60: =IFERROR(TRIM(INDEX(_xlfn.TEXTSPLIT(Table3[[#This Row],[Name]],"|"),1,2)),"") -> Pre-alarm Hi | Y60: Vibração - Mancal do Motor (LOA) (2)|Pré-alarme Hi | AA60: μm
A61: Compressor Basic | C61: Pressure - Downstream Lube Oil Filter|Pre-alarm Lo | D61: =_xlfn.REGEXREPLACE(F61, ".*-([A-Za-z]+)-([A-Za-z0-9]+).*", "$1$2") | E61: =IFERROR(TRIM(INDEX(_xlfn.TEXTSPLIT(Table3[[#This Row],[Name]],"|"),1,2)),"") -> Pre-alarm Lo | I61: Sensors - Lube Oil System; | L61: =IFERROR(TRIM(INDEX(_xlfn.TEXTSPLIT(Table3[[#This Row],[Name]],"|"),1,2)),"") -> Pre-alarm Lo | Y61: Deslocamento Axial - Compressor (1)|Hi | Z61: 0.4 | AA61: mm
A62: Compressor Basic | B62: FRADE-CAE-1340 & 1345 (LP/IP COMPRESSOR TRAIN 1) | C62: Pressure - Lube Oil Bearings Header | D62: =_xlfn.REGEXREPLACE(F62, ".*-([A-Za-z]+)-([A-Za-z0-9]+).*", "$1$2") -> PIT1145 | E62: =IFERROR(TRIM(INDEX(_xlfn.TEXTSPLIT(Table3[[#This Row],[Name]],"|"),1,2)),"") | F62: FRTS-071-PIT-1145 | G62: barg | H62: Sensors - Lube Oil System; | I62: Sensors - Lube Oil System; | J62: Não encontrado no PI | K62: PIT1145 | L62: =IFERROR(TRIM(INDEX(_xlfn.TEXTSPLIT(Table3[[#This Row],[Name]],"|"),1,2)),"") | Y62: Deslocamento Axial - Compressor (1)|HiHi | Z62: 0.5 | AA62: mm
A63: Compressor Basic | B63: FRADE-CAE-1340 & 1345 (LP/IP COMPRESSOR TRAIN 1) | C63: Pressure - Lube Oil Bearings Header|Hi | D63: =_xlfn.REGEXREPLACE(F63, ".*-([A-Za-z]+)-([A-Za-z0-9]+).*", "$1$2") -> 2.5 | E63: =IFERROR(TRIM(INDEX(_xlfn.TEXTSPLIT(Table3[[#This Row],[Name]],"|"),1,2)),"") -> Hi | F63: 2.5 | G63: barg | I63: Sensors - Lube Oil System; | K63: PIT1145 | L63: =IFERROR(TRIM(INDEX(_xlfn.TEXTSPLIT(Table3[[#This Row],[Name]],"|"),1,2)),"") -> Hi | Y63: Deslocamento Axial - Compressor (1)|Lo | AA63: mm
A64: Compressor Basic | B64: FRADE-CAE-1340 & 1345 (LP/IP COMPRESSOR TRAIN 1) | C64: Pressure - Lube Oil Bearings Header|Lo | D64: =_xlfn.REGEXREPLACE(F64, ".*-([A-Za-z]+)-([A-Za-z0-9]+).*", "$1$2") -> 1.4 | E64: =IFERROR(TRIM(INDEX(_xlfn.TEXTSPLIT(Table3[[#This Row],[Name]],"|"),1,2)),"") -> Lo | F64: 1.4 | G64: barg | I64: Sensors - Lube Oil System; | K64: PIT1145 | L64: =IFERROR(TRIM(INDEX(_xlfn.TEXTSPLIT(Table3[[#This Row],[Name]],"|"),1,2)),"") -> Lo | Y64: Deslocamento Axial - Compressor (1)|Pré-alarme Hi | AA64: mm
A65: Compressor Basic | B65: FRADE-CAE-1340 & 1345 (LP/IP COMPRESSOR TRAIN 1) | C65: Pressure - Lube Oil Bearings Header|LoLo | D65: =_xlfn.REGEXREPLACE(F65, ".*-([A-Za-z]+)-([A-Za-z0-9]+).*", "$1$2") | E65: =IFERROR(TRIM(INDEX(_xlfn.TEXTSPLIT(Table3[[#This Row],[Name]],"|"),1,2)),"") -> LoLo | G65: barg | I65: Sensors - Lube Oil System; | K65: PIT1145 | L65: =IFERROR(TRIM(INDEX(_xlfn.TEXTSPLIT(Table3[[#This Row],[Name]],"|"),1,2)),"") -> LoLo | Y65: Deslocamento Axial - Compressor (2)|Hi | Z65: 0.4 | AA65: mm
A66: Compressor Basic | B66: FRADE-CAE-1340 & 1345 (LP/IP COMPRESSOR TRAIN 1) | C66: Pressure - Lube Oil Bearings Header|Pre-alarm Hi | D66: =_xlfn.REGEXREPLACE(F66, ".*-([A-Za-z]+)-([A-Za-z0-9]+).*", "$1$2") | E66: =IFERROR(TRIM(INDEX(_xlfn.TEXTSPLIT(Table3[[#This Row],[Name]],"|"),1,2)),"") -> Pre-alarm Hi | G66: barg | I66: Sensors - Lube Oil System; | K66: PIT1145 | L66: =IFERROR(TRIM(INDEX(_xlfn.TEXTSPLIT(Table3[[#This Row],[Name]],"|"),1,2)),"") -> Pre-alarm Hi | Y66: Deslocamento Axial - Compressor (2)|HiHi | Z66: 0.5 | AA66: mm
A67: Compressor Basic | B67: FRADE-CAE-1340 & 1345 (LP/IP COMPRESSOR TRAIN 1) | C67: Pressure - Lube Oil Bearings Header|Pre-alarm Lo | D67: =_xlfn.REGEXREPLACE(F67, ".*-([A-Za-z]+)-([A-Za-z0-9]+).*", "$1$2") | E67: =IFERROR(TRIM(INDEX(_xlfn.TEXTSPLIT(Table3[[#This Row],[Name]],"|"),1,2)),"") -> Pre-alarm Lo | G67: barg | I67: Sensors - Lube Oil System; | K67: PIT1145 | L67: =IFERROR(TRIM(INDEX(_xlfn.TEXTSPLIT(Table3[[#This Row],[Name]],"|"),1,2)),"") -> Pre-alarm Lo | Y67: Deslocamento Axial - Compressor (2)|Lo | AA67: mm
A68: Compressor Basic | B68: FRADE-CAE-1340 & 1345 (LP/IP COMPRESSOR TRAIN 1) | C68: Pressure - Lube Oil Bearings Header (2) | D68: =_xlfn.REGEXREPLACE(F68, ".*-([A-Za-z]+)-([A-Za-z0-9]+).*", "$1$2") -> PT1146 | E68: =IFERROR(TRIM(INDEX(_xlfn.TEXTSPLIT(Table3[[#This Row],[Name]],"|"),1,2)),"") | F68: FRTS-PT-1146 | G68: barg | H68: Sensors - Lube Oil System; | I68: Sensors - Lube Oil System; | K68: FRTS-PT-1146 | L68: =IFERROR(TRIM(INDEX(_xlfn.TEXTSPLIT(Table3[[#This Row],[Name]],"|"),1,2)),"") | Y68: Deslocamento Axial - Compressor (2)|Pré-alarme Hi | AA68: mm
A69: Compressor Basic | B69: FRADE-CAE-1340 & 1345 (LP/IP COMPRESSOR TRAIN 1) | C69: Pressure - Lube Oil Bearings Header (2)|Hi | D69: =_xlfn.REGEXREPLACE(F69, ".*-([A-Za-z]+)-([A-Za-z0-9]+).*", "$1$2") | E69: =IFERROR(TRIM(INDEX(_xlfn.TEXTSPLIT(Table3[[#This Row],[Name]],"|"),1,2)),"") -> Hi | G69: barg | I69: Sensors - Lube Oil System; | K69: FRTS-PT-1146 | L69: =IFERROR(TRIM(INDEX(_xlfn.TEXTSPLIT(Table3[[#This Row],[Name]],"|"),1,2)),"") -> Hi | Y69: Deslocamento Axial - Caixa de Engrenagens (1)|Hi | Z69: 0.6 | AA69: mm
A70: Compressor Basic | B70: FRADE-CAE-1340 & 1345 (LP/IP COMPRESSOR TRAIN 1) | C70: Pressure - Lube Oil Bearings Header (2)|Lo | D70: =_xlfn.REGEXREPLACE(F70, ".*-([A-Za-z]+)-([A-Za-z0-9]+).*", "$1$2") | E70: =IFERROR(TRIM(INDEX(_xlfn.TEXTSPLIT(Table3[[#This Row],[Name]],"|"),1,2)),"") -> Lo | G70: barg | I70: Sensors - Lube Oil System; | K70: FRTS-PT-1146 | L70: =IFERROR(TRIM(INDEX(_xlfn.TEXTSPLIT(Table3[[#This Row],[Name]],"|"),1,2)),"") -> Lo | Y70: Deslocamento Axial - Caixa de Engrenagens (1)|HiHi | Z70: 0.7 | AA70: mm
A71: Compressor Basic | B71: FRADE-CAE-1340 & 1345 (LP/IP COMPRESSOR TRAIN 1) | C71: Pressure - Lube Oil Bearings Header (2)|LoLo | D71: =_xlfn.REGEXREPLACE(F71, ".*-([A-Za-z]+)-([A-Za-z0-9]+).*", "$1$2") -> 1.2 | E71: =IFERROR(TRIM(INDEX(_xlfn.TEXTSPLIT(Table3[[#This Row],[Name]],"|"),1,2)),"") -> LoLo | F71: 1.2 | G71: barg | I71: Sensors - Lube Oil System; | K71: FRTS-PT-1146 | L71: =IFERROR(TRIM(INDEX(_xlfn.TEXTSPLIT(Table3[[#This Row],[Name]],"|"),1,2)),"") -> LoLo | Y71: Deslocamento Axial - Caixa de Engrenagens (1)|Lo | AA71: mm
A72: Compressor Basic | B72: FRADE-CAE-1340 & 1345 (LP/IP COMPRESSOR TRAIN 1) | C72: Pressure - Lube Oil Bearings Header (2)|Pre-alarm Hi | D72: =_xlfn.REGEXREPLACE(F72, ".*-([A-Za-z]+)-([A-Za-z0-9]+).*", "$1$2") | E72: =IFERROR(TRIM(INDEX(_xlfn.TEXTSPLIT(Table3[[#This Row],[Name]],"|"),1,2)),"") -> Pre-alarm Hi | G72: barg | I72: Sensors - Lube Oil System; | K72: FRTS-PT-1146 | L72: =IFERROR(TRIM(INDEX(_xlfn.TEXTSPLIT(Table3[[#This Row],[Name]],"|"),1,2)),"") -> Pre-alarm Hi | Y72: Deslocamento Axial - Caixa de Engrenagens (1)|Pré-alarme Hi | AA72: mm
A73: Compressor Basic | B73: FRADE-CAE-1340 & 1345 (LP/IP COMPRESSOR TRAIN 1) | C73: Pressure - Lube Oil Bearings Header (2)|Pre-alarm Lo | D73: =_xlfn.REGEXREPLACE(F73, ".*-([A-Za-z]+)-([A-Za-z0-9]+).*", "$1$2") | E73: =IFERROR(TRIM(INDEX(_xlfn.TEXTSPLIT(Table3[[#This Row],[Name]],"|"),1,2)),"") -> Pre-alarm Lo | G73: barg | I73: Sensors - Lube Oil System; | K73: FRTS-PT-1146 | L73: =IFERROR(TRIM(INDEX(_xlfn.TEXTSPLIT(Table3[[#This Row],[Name]],"|"),1,2)),"") -> Pre-alarm Lo | Y73: Deslocamento Axial - Caixa de Engrenagens (2)|Hi | Z73: 0.6 | AA73: mm
A74: Compressor Basic | C74: Pressure - Lube Oil Bearings Header (3) | D74: =_xlfn.REGEXREPLACE(F74, ".*-([A-Za-z]+)-([A-Za-z0-9]+).*", "$1$2") | E74: =IFERROR(TRIM(INDEX(_xlfn.TEXTSPLIT(Table3[[#This Row],[Name]],"|"),1,2)),"") | H74: Sensors - Lube Oil System; | I74: Sensors - Lube Oil System; | L74: =IFERROR(TRIM(INDEX(_xlfn.TEXTSPLIT(Table3[[#This Row],[Name]],"|"),1,2)),"") | Y74: Deslocamento Axial - Caixa de Engrenagens (2)|HiHi | Z74: 0.7 | AA74: mm
A75: Compressor Basic | C75: Pressure - Lube Oil Bearings Header (3)|Hi | D75: =_xlfn.REGEXREPLACE(F75, ".*-([A-Za-z]+)-([A-Za-z0-9]+).*", "$1$2") | E75: =IFERROR(TRIM(INDEX(_xlfn.TEXTSPLIT(Table3[[#This Row],[Name]],"|"),1,2)),"") -> Hi | I75: Sensors - Lube Oil System; | L75: =IFERROR(TRIM(INDEX(_xlfn.TEXTSPLIT(Table3[[#This Row],[Name]],"|"),1,2)),"") -> Hi | Y75: Deslocamento Axial - Caixa de Engrenagens (2)|Lo | AA75: mm
A76: Compressor Basic | C76: Pressure - Lube Oil Bearings Header (3)|Lo | D76: =_xlfn.REGEXREPLACE(F76, ".*-([A-Za-z]+)-([A-Za-z0-9]+).*", "$1$2") | E76: =IFERROR(TRIM(INDEX(_xlfn.TEXTSPLIT(Table3[[#This Row],[Name]],"|"),1,2)),"") -> Lo | I76: Sensors - Lube Oil System; | L76: =IFERROR(TRIM(INDEX(_xlfn.TEXTSPLIT(Table3[[#This Row],[Name]],"|"),1,2)),"") -> Lo | Y76: Deslocamento Axial - Caixa de Engrenagens (2)|Pré-alarme Hi | AA76: mm
A77: Compressor Basic | C77: Pressure - Lube Oil Bearings Header (3)|LoLo | D77: =_xlfn.REGEXREPLACE(F77, ".*-([A-Za-z]+)-([A-Za-z0-9]+).*", "$1$2") | E77: =IFERROR(TRIM(INDEX(_xlfn.TEXTSPLIT(Table3[[#This Row],[Name]],"|"),1,2)),"") -> LoLo | I77: Sensors - Lube Oil System; | L77: =IFERROR(TRIM(INDEX(_xlfn.TEXTSPLIT(Table3[[#This Row],[Name]],"|"),1,2)),"") -> LoLo | Y77: Diferença de Pressão - Filtro de Injeção de Gás de Selagem Primária|Hi | Z77: 1 | AA77: bar
A78: Compressor Basic | C78: Pressure - Lube Oil Bearings Header (3)|Pre-alarm Hi | D78: =_xlfn.REGEXREPLACE(F78, ".*-([A-Za-z]+)-([A-Za-z0-9]+).*", "$1$2") | E78: =IFERROR(TRIM(INDEX(_xlfn.TEXTSPLIT(Table3[[#This Row],[Name]],"|"),1,2)),"") -> Pre-alarm Hi | I78: Sensors - Lube Oil System; | L78: =IFERROR(TRIM(INDEX(_xlfn.TEXTSPLIT(Table3[[#This Row],[Name]],"|"),1,2)),"") -> Pre-alarm Hi | Y78: Diferença de Pressão - Filtro de Injeção de Gás de Selagem Primária|HiHi | AA78: bar
A79: Compressor Basic | C79: Pressure - Lube Oil Bearings Header (3)|Pre-alarm Lo | D79: =_xlfn.REGEXREPLACE(F79, ".*-([A-Za-z]+)-([A-Za-z0-9]+).*", "$1$2") | E79: =IFERROR(TRIM(INDEX(_xlfn.TEXTSPLIT(Table3[[#This Row],[Name]],"|"),1,2)),"") -> Pre-alarm Lo | I79: Sensors - Lube Oil System; | L79: =IFERROR(TRIM(INDEX(_xlfn.TEXTSPLIT(Table3[[#This Row],[Name]],"|"),1,2)),"") -> Pre-alarm Lo | Y79: Diferença de Pressão - Filtro de Injeção de Gás de Selagem Primária|Lo | AA79: bar
A80: Compressor Basic | C80: Pressure - Lube Oil Pumps Discharge Header | D80: =_xlfn.REGEXREPLACE(F80, ".*-([A-Za-z]+)-([A-Za-z0-9]+).*", "$1$2") | E80: =IFERROR(TRIM(INDEX(_xlfn.TEXTSPLIT(Table3[[#This Row],[Name]],"|"),1,2)),"") | H80: Sensors - Lube Oil System; | I80: Sensors - Lube Oil System; | L80: =IFERROR(TRIM(INDEX(_xlfn.TEXTSPLIT(Table3[[#This Row],[Name]],"|"),1,2)),"") | Y80: Diferença de Pressão - Filtro de Injeção de Gás de Selagem Primária|Pré-alarme Hi | AA80: bar
A81: Compressor Basic | C81: Pressure - Lube Oil Pumps Discharge Header|Hi | D81: =_xlfn.REGEXREPLACE(F81, ".*-([A-Za-z]+)-([A-Za-z0-9]+).*", "$1$2") | E81: =IFERROR(TRIM(INDEX(_xlfn.TEXTSPLIT(Table3[[#This Row],[Name]],"|"),1,2)),"") -> Hi | I81: Sensors - Lube Oil System; | L81: =IFERROR(TRIM(INDEX(_xlfn.TEXTSPLIT(Table3[[#This Row],[Name]],"|"),1,2)),"") -> Hi | Y81: Pressão - Gás de Selagem Primária para Tocha (LA) (1)|Hi | Z81: 3 | AA81: barg
A82: Compressor Basic | C82: Pressure - Lube Oil Pumps Discharge Header|Lo | D82: =_xlfn.REGEXREPLACE(F82, ".*-([A-Za-z]+)-([A-Za-z0-9]+).*", "$1$2") | E82: =IFERROR(TRIM(INDEX(_xlfn.TEXTSPLIT(Table3[[#This Row],[Name]],"|"),1,2)),"") -> Lo | I82: Sensors - Lube Oil System; | L82: =IFERROR(TRIM(INDEX(_xlfn.TEXTSPLIT(Table3[[#This Row],[Name]],"|"),1,2)),"") -> Lo | Y82: Pressão - Gás de Selagem Primária para Tocha (LA) (1)|HiHi | Z82: 7 | AA82: barg
A83: Compressor Basic | C83: Pressure - Lube Oil Pumps Discharge Header|Pre-alarm Hi | D83: =_xlfn.REGEXREPLACE(F83, ".*-([A-Za-z]+)-([A-Za-z0-9]+).*", "$1$2") | E83: =IFERROR(TRIM(INDEX(_xlfn.TEXTSPLIT(Table3[[#This Row],[Name]],"|"),1,2)),"") -> Pre-alarm Hi | I83: Sensors - Lube Oil System; | L83: =IFERROR(TRIM(INDEX(_xlfn.TEXTSPLIT(Table3[[#This Row],[Name]],"|"),1,2)),"") -> Pre-alarm Hi | Y83: Pressão - Gás de Selagem Primária para Tocha (LA) (1)|Lo | Z83: 0.35 | AA83: barg
A84: Compressor Basic | C84: Pressure - Lube Oil Pumps Discharge Header|Pre-alarm Lo | D84: =_xlfn.REGEXREPLACE(F84, ".*-([A-Za-z]+)-([A-Za-z0-9]+).*", "$1$2") | E84: =IFERROR(TRIM(INDEX(_xlfn.TEXTSPLIT(Table3[[#This Row],[Name]],"|"),1,2)),"") -> Pre-alarm Lo | I84: Sensors - Lube Oil System; | L84: =IFERROR(TRIM(INDEX(_xlfn.TEXTSPLIT(Table3[[#This Row],[Name]],"|"),1,2)),"") -> Pre-alarm Lo | Y84: Pressão - Gás de Selagem Primária para Tocha (LOA) (1)|Hi | Z84: 3 | AA84: barg
A85: Compressor Basic | C85: Pressure - Scrubber | D85: =_xlfn.REGEXREPLACE(F85, ".*-([A-Za-z]+)-([A-Za-z0-9]+).*", "$1$2") | E85: =IFERROR(TRIM(INDEX(_xlfn.TEXTSPLIT(Table3[[#This Row],[Name]],"|"),1,2)),"") | H85: Sensors - Scrubber; | I85: Sensors - Scrubber; | L85: =IFERROR(TRIM(INDEX(_xlfn.TEXTSPLIT(Table3[[#This Row],[Name]],"|"),1,2)),"") | Y85: Pressão - Gás de Selagem Primária para Tocha (LOA) (1)|HiHi | Z85: 7 | AA85: barg
A86: Compressor Basic | C86: Pressure - Suction | D86: =_xlfn.REGEXREPLACE(F86, ".*-([A-Za-z]+)-([A-Za-z0-9]+).*", "$1$2") | E86: =IFERROR(TRIM(INDEX(_xlfn.TEXTSPLIT(Table3[[#This Row],[Name]],"|"),1,2)),"") | H86: Sensors - Process Variables; | I86: Sensors - Process Variables; | L86: =IFERROR(TRIM(INDEX(_xlfn.TEXTSPLIT(Table3[[#This Row],[Name]],"|"),1,2)),"") | Y86: Pressão - Gás de Selagem Primária para Tocha (LOA) (1)|Lo | Z86: 0.35 | AA86: barg
A87: Compressor Basic | C87: Pressure - Suction|Hi | D87: =_xlfn.REGEXREPLACE(F87, ".*-([A-Za-z]+)-([A-Za-z0-9]+).*", "$1$2") | E87: =IFERROR(TRIM(INDEX(_xlfn.TEXTSPLIT(Table3[[#This Row],[Name]],"|"),1,2)),"") -> Hi | I87: Sensors - Process Variables; | L87: =IFERROR(TRIM(INDEX(_xlfn.TEXTSPLIT(Table3[[#This Row],[Name]],"|"),1,2)),"") -> Hi | Y87: Vazão - Gás de Selagem Primária para Flare LA (1)|Hi | Z87: 70 | AA87: kg/h
A88: Compressor Basic | C88: Pressure - Suction|HiHi | D88: =_xlfn.REGEXREPLACE(F88, ".*-([A-Za-z]+)-([A-Za-z0-9]+).*", "$1$2") | E88: =IFERROR(TRIM(INDEX(_xlfn.TEXTSPLIT(Table3[[#This Row],[Name]],"|"),1,2)),"") -> HiHi | I88: Sensors - Process Variables; | L88: =IFERROR(TRIM(INDEX(_xlfn.TEXTSPLIT(Table3[[#This Row],[Name]],"|"),1,2)),"") -> HiHi | Y88: Vazão - Gás de Selagem Primária para Flare LA (1)|HiHi | AA88: kg/h
A89: Compressor Basic | C89: Pressure - Suction|Lo | D89: =_xlfn.REGEXREPLACE(F89, ".*-([A-Za-z]+)-([A-Za-z0-9]+).*", "$1$2") | E89: =IFERROR(TRIM(INDEX(_xlfn.TEXTSPLIT(Table3[[#This Row],[Name]],"|"),1,2)),"") -> Lo | I89: Sensors - Process Variables; | L89: =IFERROR(TRIM(INDEX(_xlfn.TEXTSPLIT(Table3[[#This Row],[Name]],"|"),1,2)),"") -> Lo | Y89: Vazão - Gás de Selagem Primária para Flare LA (1)|Lo | Z89: 10 | AA89: kg/h
A90: Compressor Basic | C90: Pressure - Suction|LoLo | D90: =_xlfn.REGEXREPLACE(F90, ".*-([A-Za-z]+)-([A-Za-z0-9]+).*", "$1$2") | E90: =IFERROR(TRIM(INDEX(_xlfn.TEXTSPLIT(Table3[[#This Row],[Name]],"|"),1,2)),"") -> LoLo | I90: Sensors - Process Variables; | L90: =IFERROR(TRIM(INDEX(_xlfn.TEXTSPLIT(Table3[[#This Row],[Name]],"|"),1,2)),"") -> LoLo | Y90: Vazão - Gás de Selagem Primária para Flare LOA (1)|Hi | Z90: 70 | AA90: kg/h
A91: Compressor Basic | C91: Pressure - Suction|Pre-alarm Lo | D91: =_xlfn.REGEXREPLACE(F91, ".*-([A-Za-z]+)-([A-Za-z0-9]+).*", "$1$2") | E91: =IFERROR(TRIM(INDEX(_xlfn.TEXTSPLIT(Table3[[#This Row],[Name]],"|"),1,2)),"") -> Pre-alarm Lo | I91: Sensors - Process Variables; | L91: =IFERROR(TRIM(INDEX(_xlfn.TEXTSPLIT(Table3[[#This Row],[Name]],"|"),1,2)),"") -> Pre-alarm Lo | Y91: Vazão - Gás de Selagem Primária para Flare LOA (1)|HiHi | AA91: kg/h
A92: Compressor Basic | C92: Pressure - Upstream Scrubber | D92: =_xlfn.REGEXREPLACE(F92, ".*-([A-Za-z]+)-([A-Za-z0-9]+).*", "$1$2") | E92: =IFERROR(TRIM(INDEX(_xlfn.TEXTSPLIT(Table3[[#This Row],[Name]],"|"),1,2)),"") | H92: Sensors - Scrubber; | I92: Sensors - Scrubber; | L92: =IFERROR(TRIM(INDEX(_xlfn.TEXTSPLIT(Table3[[#This Row],[Name]],"|"),1,2)),"") | Y92: Vazão - Gás de Selagem Primária para Flare LOA (1)|Lo | Z92: 10 | AA92: kg/h
A93: Compressor Basic | C93: Status - Lube Oil Auxiliary Pump | D93: =_xlfn.REGEXREPLACE(F93, ".*-([A-Za-z]+)-([A-Za-z0-9]+).*", "$1$2") | E93: =IFERROR(TRIM(INDEX(_xlfn.TEXTSPLIT(Table3[[#This Row],[Name]],"|"),1,2)),"") | H93: Sensors - Lube Oil System; | I93: Sensors - Lube Oil System; | L93: =IFERROR(TRIM(INDEX(_xlfn.TEXTSPLIT(Table3[[#This Row],[Name]],"|"),1,2)),"") | Y93: Pressão - Gás de Selagem Secundária para Vent (LA)|Hi | Z93: 80 | AA93: mbarg
A94: Compressor Basic | C94: Status - Lube Oil Heater (1) | D94: =_xlfn.REGEXREPLACE(F94, ".*-([A-Za-z]+)-([A-Za-z0-9]+).*", "$1$2") | E94: =IFERROR(TRIM(INDEX(_xlfn.TEXTSPLIT(Table3[[#This Row],[Name]],"|"),1,2)),"") | H94: Sensors - Lube Oil System; | I94: Sensors - Lube Oil System; | L94: =IFERROR(TRIM(INDEX(_xlfn.TEXTSPLIT(Table3[[#This Row],[Name]],"|"),1,2)),"") | Y94: Pressão - Gás de Selagem Secundária para Vent (LA)|HiHi | Z94: 300 | AA94: mbarg
A95: Compressor Basic | C95: Status - Lube Oil Heater (2) | D95: =_xlfn.REGEXREPLACE(F95, ".*-([A-Za-z]+)-([A-Za-z0-9]+).*", "$1$2") | E95: =IFERROR(TRIM(INDEX(_xlfn.TEXTSPLIT(Table3[[#This Row],[Name]],"|"),1,2)),"") | H95: Sensors - Lube Oil System; | I95: Sensors - Lube Oil System; | L95: =IFERROR(TRIM(INDEX(_xlfn.TEXTSPLIT(Table3[[#This Row],[Name]],"|"),1,2)),"") | Y95: Pressão - Gás de Selagem Secundária para Vent (LA)|Pré-alarme Hi | AA95: mbarg
A96: Compressor Basic | C96: Status - Lube Oil Main Pump | D96: =_xlfn.REGEXREPLACE(F96, ".*-([A-Za-z]+)-([A-Za-z0-9]+).*", "$1$2") | E96: =IFERROR(TRIM(INDEX(_xlfn.TEXTSPLIT(Table3[[#This Row],[Name]],"|"),1,2)),"") | H96: Sensors - Lube Oil System; | I96: Sensors - Lube Oil System; | L96: =IFERROR(TRIM(INDEX(_xlfn.TEXTSPLIT(Table3[[#This Row],[Name]],"|"),1,2)),"") | Y96: Pressão - Gás de Selagem Secundária para Vent (LOA)|Hi | Z96: 80 | AA96: mbarg
A97: Compressor Basic | C97: Status - Vapor Extractor | D97: =_xlfn.REGEXREPLACE(F97, ".*-([A-Za-z]+)-([A-Za-z0-9]+).*", "$1$2") | E97: =IFERROR(TRIM(INDEX(_xlfn.TEXTSPLIT(Table3[[#This Row],[Name]],"|"),1,2)),"") | H97: Sensors - Lube Oil System; | I97: Sensors - Lube Oil System; | L97: =IFERROR(TRIM(INDEX(_xlfn.TEXTSPLIT(Table3[[#This Row],[Name]],"|"),1,2)),"") | Y97: Pressão - Gás de Selagem Secundária para Vent (LOA)|HiHi | Z97: 300 | AA97: mbarg
A98: Compressor Basic | C98: Status - Vapor Extractor (2) | D98: =_xlfn.REGEXREPLACE(F98, ".*-([A-Za-z]+)-([A-Za-z0-9]+).*", "$1$2") | E98: =IFERROR(TRIM(INDEX(_xlfn.TEXTSPLIT(Table3[[#This Row],[Name]],"|"),1,2)),"") | H98: Sensors - Lube Oil System; | I98: Sensors - Lube Oil System; | L98: =IFERROR(TRIM(INDEX(_xlfn.TEXTSPLIT(Table3[[#This Row],[Name]],"|"),1,2)),"") | Y98: Pressão - Gás de Selagem Secundária para Vent (LOA)|Pré-alarme Hi
A99: Compressor Basic | C99: Temperature - Discharge | D99: =_xlfn.REGEXREPLACE(F99, ".*-([A-Za-z]+)-([A-Za-z0-9]+).*", "$1$2") | E99: =IFERROR(TRIM(INDEX(_xlfn.TEXTSPLIT(Table3[[#This Row],[Name]],"|"),1,2)),"") | H99: Sensors - Process Variables; | I99: Sensors - Process Variables; | L99: =IFERROR(TRIM(INDEX(_xlfn.TEXTSPLIT(Table3[[#This Row],[Name]],"|"),1,2)),"") | Y99: Pressão - Injeção de Gás de Separação (1)|Hi | Z99: 140 | AA99: mbarg
A100: Compressor Basic | C100: Temperature - Discharge|Hi | D100: =_xlfn.REGEXREPLACE(F100, ".*-([A-Za-z]+)-([A-Za-z0-9]+).*", "$1$2") | E100: =IFERROR(TRIM(INDEX(_xlfn.TEXTSPLIT(Table3[[#This Row],[Name]],"|"),1,2)),"") -> Hi | I100: Sensors - Process Variables; | L100: =IFERROR(TRIM(INDEX(_xlfn.TEXTSPLIT(Table3[[#This Row],[Name]],"|"),1,2)),"") -> Hi | Y100: Pressão - Injeção de Gás de Separação (1)|HiHi | AA100: mbarg
...

Sheet Sheet2
A1: Template | B1: Asset | C1: Name | E1: Limiares | F1: Tag | G1: UM | H1: Categorias | I1: Categorias 2 | J1: A | K1: B | L1: C
A2: Compressor Basic | B2: FRADE-PBA-1350 (HP Compressor Trem 1) | C2: Delta Pressure - Lube Oil Filter | D2: =_xlfn.CONCAT(B2,C2) -> FRADE-PBA-1350 (HP Compressor Trem 1)Delta Pressure - Lube Oil Filter | E2: =IFERROR(TRIM(INDEX(_xlfn.TEXTSPLIT(Table3[[#This Row],[Name]],"|"),1,2)),"") | F2: =VLOOKUP(D2,REF!$AA$1:$AB$149,2,0) -> FRTS-072-PDI-1422 | G2: bar | H2: Sensors - Lube Oil System; | I2: Sensors - Lube Oil System; | L2: =IFERROR(TRIM(INDEX(_xlfn.TEXTSPLIT(Table3[[#This Row],[Name]],"|"),1,2)),"")
A3: Compressor Basic | B3: FRADE-PBA-1350 (HP Compressor Trem 1) | C3: Delta Pressure - Lube Oil Filter|Hi | D3: =_xlfn.CONCAT(B3,C3) -> FRADE-PBA-1350 (HP Compressor Trem 1)Delta Pressure - Lube Oil Filter|Hi | E3: =IFERROR(TRIM(INDEX(_xlfn.TEXTSPLIT(C3,"|"),1,2)),"") -> Hi | F3: 1 | G3: bar | I3: Sensors - Lube Oil System; | L3: =IFERROR(TRIM(INDEX(_xlfn.TEXTSPLIT(Table3[[#This Row],[Name]],"|"),1,2)),"") -> Pre-alarm
A4: Compressor Basic | B4: FRADE-PBA-1350 (HP Compressor Trem 1) | C4: Delta Pressure - Lube Oil Filter|HiHi | D4: =_xlfn.CONCAT(B4,C4) -> FRADE-PBA-1350 (HP Compressor Trem 1)Delta Pressure - Lube Oil Filter|HiHi | E4: =IFERROR(TRIM(INDEX(_xlfn.TEXTSPLIT(C4,"|"),1,2)),"") -> HiHi | G4: bar | I4: Sensors - Lube Oil System; | L4: =IFERROR(TRIM(INDEX(_xlfn.TEXTSPLIT(Table3[[#This Row],[Name]],"|"),1,2)),"")
A5: Compressor Basic | B5: FRADE-PBA-1350 (HP Compressor Trem 1) | C5: Delta Pressure - Lube Oil Filter|Pre-alarm Hi | D5: =_xlfn.CONCAT(B5,C5) -> FRADE-PBA-1350 (HP Compressor Trem 1)Delta Pressure - Lube Oil Filter|Pre-alarm Hi | E5: =IFERROR(TRIM(INDEX(_xlfn.TEXTSPLIT(C5,"|"),1,2)),"") -> Pre-alarm Hi | G5: bar | I5: Sensors - Lube Oil System; | L5: =IFERROR(TRIM(INDEX(_xlfn.TEXTSPLIT(Table3[[#This Row],[Name]],"|"),1,2)),"") -> Hi
A6: Compressor Basic | B6: FRADE-PBA-1350 (HP Compressor Trem 1) | C6: Level - Lube Oil Tank (1) | D6: =_xlfn.CONCAT(B6,C6) -> FRADE-PBA-1350 (HP Compressor Trem 1)Level - Lube Oil Tank (1) | E6: =IFERROR(TRIM(INDEX(_xlfn.TEXTSPLIT(C6,"|"),1,2)),"") | F6: =VLOOKUP(D6,REF!$AA$1:$AB$149,2,0) -> FRTS-LI-1412A | G6: % | H6: Sensors - Lube Oil System; | I6: Sensors - Lube Oil System; | L6: =IFERROR(TRIM(INDEX(_xlfn.TEXTSPLIT(Table3[[#This Row],[Name]],"|"),1,2)),"") -> HiHi
A7: Compressor Basic | B7: FRADE-PBA-1350 (HP Compressor Trem 1) | C7: Level - Lube Oil Tank (1)|Hi | D7: =_xlfn.CONCAT(B7,C7) -> FRADE-PBA-1350 (HP Compressor Trem 1)Level - Lube Oil Tank (1)|Hi | E7: =IFERROR(TRIM(INDEX(_xlfn.TEXTSPLIT(C7,"|"),1,2)),"") -> Hi | G7: % | I7: Sensors - Lube Oil System; | L7: =IFERROR(TRIM(INDEX(_xlfn.TEXTSPLIT(Table3[[#This Row],[Name]],"|"),1,2)),"") -> Pre-alarm Hi
A8: Compressor Basic | B8: FRADE-PBA-1350 (HP Compressor Trem 1) | C8: Level - Lube Oil Tank (1)|HiHi | D8: =_xlfn.CONCAT(B8,C8) -> FRADE-PBA-1350 (HP Compressor Trem 1)Level - Lube Oil Tank (1)|HiHi | E8: =IFERROR(TRIM(INDEX(_xlfn.TEXTSPLIT(C8,"|"),1,2)),"") -> HiHi | G8: % | I8: Sensors - Lube Oil System; | L8: =IFERROR(TRIM(INDEX(_xlfn.TEXTSPLIT(Table3[[#This Row],[Name]],"|"),1,2)),"")
A9: Compressor Basic | B9: FRADE-PBA-1350 (HP Compressor Trem 1) | C9: Level - Lube Oil Tank (1)|Lo | D9: =_xlfn.CONCAT(B9,C9) -> FRADE-PBA-1350 (HP Compressor Trem 1)Level - Lube Oil Tank (1)|Lo | E9: =IFERROR(TRIM(INDEX(_xlfn.TEXTSPLIT(C9,"|"),1,2)),"") -> Lo | G9: % | I9: Sensors - Lube Oil System; | L9: =IFERROR(TRIM(INDEX(_xlfn.TEXTSPLIT(Table3[[#This Row],[Name]],"|"),1,2)),"") -> Hi
A10: Compressor Basic | B10: FRADE-PBA-1350 (HP Compressor Trem 1) | C10: Level - Lube Oil Tank (1)|LoLo | D10: =_xlfn.CONCAT(B10,C10) -> FRADE-PBA-1350 (HP Compressor Trem 1)Level - Lube Oil Tank (1)|LoLo | E10: =IFERROR(TRIM(INDEX(_xlfn.TEXTSPLIT(C10,"|"),1,2)),"") -> LoLo | G10: % | I10: Sensors - Lube Oil System; | L10: =IFERROR(TRIM(INDEX(_xlfn.TEXTSPLIT(Table3[[#This Row],[Name]],"|"),1,2)),"") -> Lo
A11: Compressor Basic | B11: FRADE-PBA-1350 (HP Compressor Trem 1) | C11: Level - Lube Oil Tank (1)|Pre-alarm Hi | D11: =_xlfn.CONCAT(B11,C11) -> FRADE-PBA-1350 (HP Compressor Trem 1)Level - Lube Oil Tank (1)|Pre-alarm Hi | E11: =IFERROR(TRIM(INDEX(_xlfn.TEXTSPLIT(C11,"|"),1,2)),"") -> Pre-alarm Hi | G11: % | I11: Sensors - Lube Oil System; | L11: =IFERROR(TRIM(INDEX(_xlfn.TEXTSPLIT(Table3[[#This Row],[Name]],"|"),1,2)),"")
A12: Compressor Basic | B12: FRADE-PBA-1350 (HP Compressor Trem 1) | C12: Level - Lube Oil Tank (1)|Pre-alarm Lo | D12: =_xlfn.CONCAT(B12,C12) -> FRADE-PBA-1350 (HP Compressor Trem 1)Level - Lube Oil Tank (1)|Pre-alarm Lo | E12: =IFERROR(TRIM(INDEX(_xlfn.TEXTSPLIT(C12,"|"),1,2)),"") -> Pre-alarm Lo | G12: % | I12: Sensors - Lube Oil System; | L12: =IFERROR(TRIM(INDEX(_xlfn.TEXTSPLIT(Table3[[#This Row],[Name]],"|"),1,2)),"") -> Hi
A13: Compressor Basic | B13: FRADE-PBA-1350 (HP Compressor Trem 1) | C13: Level - Lube Oil Tank (2) | D13: =_xlfn.CONCAT(B13,C13) -> FRADE-PBA-1350 (HP Compressor Trem 1)Level - Lube Oil Tank (2) | E13: =IFERROR(TRIM(INDEX(_xlfn.TEXTSPLIT(C13,"|"),1,2)),"") | F13: =VLOOKUP(D13,REF!$AA$1:$AB$149,2,0) -> FRTS-071-LI-1412B | H13: Sensors - Lube Oil System; | I13: Sensors - Lube Oil System; | J13: Não encontrado no PI | L13: =IFERROR(TRIM(INDEX(_xlfn.TEXTSPLIT(Table3[[#This Row],[Name]],"|"),1,2)),"") -> HiHi
A14: Compressor Basic | B14: FRADE-PBA-1350 (HP Compressor Trem 1) | C14: Level - Lube Oil Tank (2)|Hi | D14: =_xlfn.CONCAT(B14,C14) -> FRADE-PBA-1350 (HP Compressor Trem 1)Level - Lube Oil Tank (2)|Hi | E14: =IFERROR(TRIM(INDEX(_xlfn.TEXTSPLIT(C14,"|"),1,2)),"") -> Hi | I14: Sensors - Lube Oil System; | L14: =IFERROR(TRIM(INDEX(_xlfn.TEXTSPLIT(Table3[[#This Row],[Name]],"|"),1,2)),"") -> Lo
A15: Compressor Basic | B15: FRADE-PBA-1350 (HP Compressor Trem 1) | C15: Level - Lube Oil Tank (2)|HiHi | D15: =_xlfn.CONCAT(B15,C15) -> FRADE-PBA-1350 (HP Compressor Trem 1)Level - Lube Oil Tank (2)|HiHi | E15: =IFERROR(TRIM(INDEX(_xlfn.TEXTSPLIT(C15,"|"),1,2)),"") -> HiHi | I15: Sensors - Lube Oil System; | L15: =IFERROR(TRIM(INDEX(_xlfn.TEXTSPLIT(Table3[[#This Row],[Name]],"|"),1,2)),"") -> LoLo
A16: Compressor Basic | B16: FRADE-PBA-1350 (HP Compressor Trem 1) | C16: Level - Lube Oil Tank (2)|Lo | D16: =_xlfn.CONCAT(B16,C16) -> FRADE-PBA-1350 (HP Compressor Trem 1)Level - Lube Oil Tank (2)|Lo | E16: =IFERROR(TRIM(INDEX(_xlfn.TEXTSPLIT(C16,"|"),1,2)),"") -> Lo | I16: Sensors - Lube Oil System; | L16: =IFERROR(TRIM(INDEX(_xlfn.TEXTSPLIT(Table3[[#This Row],[Name]],"|"),1,2)),"") -> Pre-alarm Hi
A17: Compressor Basic | B17: FRADE-PBA-1350 (HP Compressor Trem 1) | C17: Level - Lube Oil Tank (2)|LoLo | D17: =_xlfn.CONCAT(B17,C17) -> FRADE-PBA-1350 (HP Compressor Trem 1)Level - Lube Oil Tank (2)|LoLo | E17: =IFERROR(TRIM(INDEX(_xlfn.TEXTSPLIT(C17,"|"),1,2)),"") -> LoLo | I17: Sensors - Lube Oil System; | L17: =IFERROR(TRIM(INDEX(_xlfn.TEXTSPLIT(Table3[[#This Row],[Name]],"|"),1,2)),"") -> Pre-alarm Lo
A18: Compressor Basic | B18: FRADE-PBA-1350 (HP Compressor Trem 1) | C18: Level - Lube Oil Tank (2)|Pre-alarm Hi | D18: =_xlfn.CONCAT(B18,C18) -> FRADE-PBA-1350 (HP Compressor Trem 1)Level - Lube Oil Tank (2)|Pre-alarm Hi | E18: =IFERROR(TRIM(INDEX(_xlfn.TEXTSPLIT(C18,"|"),1,2)),"") -> Pre-alarm Hi | I18: Sensors - Lube Oil System; | L18: =IFERROR(TRIM(INDEX(_xlfn.TEXTSPLIT(Table3[[#This Row],[Name]],"|"),1,2)),"")
A19: Compressor Basic | B19: FRADE-PBA-1350 (HP Compressor Trem 1) | C19: Level - Lube Oil Tank (2)|Pre-alarm Lo | D19: =_xlfn.CONCAT(B19,C19) -> FRADE-PBA-1350 (HP Compressor Trem 1)Level - Lube Oil Tank (2)|Pre-alarm Lo | E19: =IFERROR(TRIM(INDEX(_xlfn.TEXTSPLIT(C19,"|"),1,2)),"") -> Pre-alarm Lo | I19: Sensors - Lube Oil System; | L19: =IFERROR(TRIM(INDEX(_xlfn.TEXTSPLIT(Table3[[#This Row],[Name]],"|"),1,2)),"") -> Hi
A20: Compressor Basic | B20: FRADE-PBA-1350 (HP Compressor Trem 1) | C20: Level - Rundown Tank | D20: =_xlfn.CONCAT(B20,C20) -> FRADE-PBA-1350 (HP Compressor Trem 1)Level - Rundown Tank | E20: =IFERROR(TRIM(INDEX(_xlfn.TEXTSPLIT(C20,"|"),1,2)),"") | F20: =VLOOKUP(D20,REF!$AA$1:$AB$149,2,0) -> FRTS-071-LT-1428 | H20: Sensors - Lube Oil System; | I20: Sensors - Lube Oil System; | J20: Não encontrado no PI | L20: =IFERROR(TRIM(INDEX(_xlfn.TEXTSPLIT(Table3[[#This Row],[Name]],"|"),1,2)),"") -> HiHi
A21: Compressor Basic | B21: FRADE-PBA-1350 (HP Compressor Trem 1) | C21: Level - Rundown Tank|Hi | D21: =_xlfn.CONCAT(B21,C21) -> FRADE-PBA-1350 (HP Compressor Trem 1)Level - Rundown Tank|Hi | E21: =IFERROR(TRIM(INDEX(_xlfn.TEXTSPLIT(C21,"|"),1,2)),"") -> Hi | I21: Sensors - Lube Oil System; | J21: Não encontrado no PI | L21: =IFERROR(TRIM(INDEX(_xlfn.TEXTSPLIT(Table3[[#This Row],[Name]],"|"),1,2)),"") -> Lo
A22: Compressor Basic | B22: FRADE-PBA-1350 (HP Compressor Trem 1) | C22: Level - Rundown Tank|Lo | D22: =_xlfn.CONCAT(B22,C22) -> FRADE-PBA-1350 (HP Compressor Trem 1)Level - Rundown Tank|Lo | E22: =IFERROR(TRIM(INDEX(_xlfn.TEXTSPLIT(C22,"|"),1,2)),"") -> Lo | I22: Sensors - Lube Oil System; | J22: Não encontrado no PI | L22: =IFERROR(TRIM(INDEX(_xlfn.TEXTSPLIT(Table3[[#This Row],[Name]],"|"),1,2)),"") -> LoLo
A23: Compressor Basic | B23: FRADE-PBA-1350 (HP Compressor Trem 1) | C23: Level - Rundown Tank|LoLo | D23: =_xlfn.CONCAT(B23,C23) -> FRADE-PBA-1350 (HP Compressor Trem 1)Level - Rundown Tank|LoLo | E23: =IFERROR(TRIM(INDEX(_xlfn.TEXTSPLIT(C23,"|"),1,2)),"") -> LoLo | I23: Sensors - Lube Oil System; | J23: Não encontrado no PI | L23: =IFERROR(TRIM(INDEX(_xlfn.TEXTSPLIT(Table3[[#This Row],[Name]],"|"),1,2)),"") -> Pre-alarm Hi
A24: Compressor Basic | B24: FRADE-PBA-1350 (HP Compressor Trem 1) | C24: Level - Rundown Tank|Pre-alarm Lo | D24: =_xlfn.CONCAT(B24,C24) -> FRADE-PBA-1350 (HP Compressor Trem 1)Level - Rundown Tank|Pre-alarm Lo | E24: =IFERROR(TRIM(INDEX(_xlfn.TEXTSPLIT(C24,"|"),1,2)),"") -> Pre-alarm Lo | I24: Sensors - Lube Oil System; | J24: Não encontrado no PI | L24: =IFERROR(TRIM(INDEX(_xlfn.TEXTSPLIT(Table3[[#This Row],[Name]],"|"),1,2)),"") -> Pre-alarm Lo
A25: Compressor Basic | B25: FRADE-PBA-1350 (HP Compressor Trem 1) | C25: Pressure - Lube Oil Bearings Header | D25: =_xlfn.CONCAT(B25,C25) -> FRADE-PBA-1350 (HP Compressor Trem 1)Pressure - Lube Oil Bearings Header | E25: =IFERROR(TRIM(INDEX(_xlfn.TEXTSPLIT(C25,"|"),1,2)),"") | F25: =VLOOKUP(D25,REF!$AA$1:$AB$149,2,0) -> FRTS-071-PIT-1345 | G25: barg | H25: Sensors - Lube Oil System; | I25: Sensors - Lube Oil System; | J25: Não encontrado no PI | L25: =IFERROR(TRIM(INDEX(_xlfn.TEXTSPLIT(Table3[[#This Row],[Name]],"|"),1,2)),"")
A26: Compressor Basic | B26: FRADE-PBA-1350 (HP Compressor Trem 1) | C26: Pressure - Lube Oil Bearings Header|Hi | D26: =_xlfn.CONCAT(B26,C26) -> FRADE-PBA-1350 (HP Compressor Trem 1)Pressure - Lube Oil Bearings Header|Hi | E26: =IFERROR(TRIM(INDEX(_xlfn.TEXTSPLIT(C26,"|"),1,2)),"") -> Hi | F26: 2.5 | G26: barg | I26: Sensors - Lube Oil System; | L26: =IFERROR(TRIM(INDEX(_xlfn.TEXTSPLIT(Table3[[#This Row],[Name]],"|"),1,2)),"") -> Hi
A27: Compressor Basic | B27: FRADE-PBA-1350 (HP Compressor Trem 1) | C27: Pressure - Lube Oil Bearings Header|Lo | D27: =_xlfn.CONCAT(B27,C27) -> FRADE-PBA-1350 (HP Compressor Trem 1)Pressure - Lube Oil Bearings Header|Lo | E27: =IFERROR(TRIM(INDEX(_xlfn.TEXTSPLIT(C27,"|"),1,2)),"") -> Lo | F27: 1.4 | G27: barg | I27: Sensors - Lube Oil System; | L27: =IFERROR(TRIM(INDEX(_xlfn.TEXTSPLIT(Table3[[#This Row],[Name]],"|"),1,2)),"") -> Lo
A28: Compressor Basic | B28: FRADE-PBA-1350 (HP Compressor Trem 1) | C28: Pressure - Lube Oil Bearings Header|LoLo | D28: =_xlfn.CONCAT(B28,C28) -> FRADE-PBA-1350 (HP Compressor Trem 1)Pressure - Lube Oil Bearings Header|LoLo | E28: =IFERROR(TRIM(INDEX(_xlfn.TEXTSPLIT(C28,"|"),1,2)),"") -> LoLo | G28: barg | I28: Sensors - Lube Oil System; | L28: =IFERROR(TRIM(INDEX(_xlfn.TEXTSPLIT(Table3[[#This Row],[Name]],"|"),1,2)),"") -> LoLo
A29: Compressor Basic | B29: FRADE-PBA-1350 (HP Compressor Trem 1) | C29: Pressure - Lube Oil Bearings Header|Pre-alarm Hi | D29: =_xlfn.CONCAT(B29,C29) -> FRADE-PBA-1350 (HP Compressor Trem 1)Pressure - Lube Oil Bearings Header|Pre-alarm Hi | E29: =IFERROR(TRIM(INDEX(_xlfn.TEXTSPLIT(C29,"|"),1,2)),"") -> Pre-alarm Hi | G29: barg | I29: Sensors - Lube Oil System; | L29: =IFERROR(TRIM(INDEX(_xlfn.TEXTSPLIT(Table3[[#This Row],[Name]],"|"),1,2)),"") -> Pre-alarm Lo
A30: Compressor Basic | B30: FRADE-PBA-1350 (HP Compressor Trem 1) | C30: Pressure - Lube Oil Bearings Header|Pre-alarm Lo | D30: =_xlfn.CONCAT(B30,C30) -> FRADE-PBA-1350 (HP Compressor Trem 1)Pressure - Lube Oil Bearings Header|Pre-alarm Lo | E30: =IFERROR(TRIM(INDEX(_xlfn.TEXTSPLIT(C30,"|"),1,2)),"") -> Pre-alarm Lo | G30: barg | I30: Sensors - Lube Oil System; | L30: =IFERROR(TRIM(INDEX(_xlfn.TEXTSPLIT(Table3[[#This Row],[Name]],"|"),1,2)),"")
A31: Compressor Basic | B31: FRADE-PBA-1350 (HP Compressor Trem 1) | C31: Pressure - Lube Oil Bearings Header (2) | D31: =_xlfn.CONCAT(B31,C31) -> FRADE-PBA-1350 (HP Compressor Trem 1)Pressure - Lube Oil Bearings Header (2) | E31: =IFERROR(TRIM(INDEX(_xlfn.TEXTSPLIT(C31,"|"),1,2)),"") | F31: =VLOOKUP(D31,REF!$AA$1:$AB$149,2,0) -> FRTS-PT-1346 | G31: barg | H31: Sensors - Lube Oil System; | I31: Sensors - Lube Oil System; | L31: =IFERROR(TRIM(INDEX(_xlfn.TEXTSPLIT(Table3[[#This Row],[Name]],"|"),1,2)),"")
A32: Compressor Basic | B32: FRADE-PBA-1350 (HP Compressor Trem 1) | C32: Pressure - Lube Oil Bearings Header (2)|Hi | D32: =_xlfn.CONCAT(B32,C32) -> FRADE-PBA-1350 (HP Compressor Trem 1)Pressure - Lube Oil Bearings Header (2)|Hi | E32: =IFERROR(TRIM(INDEX(_xlfn.TEXTSPLIT(C32,"|"),1,2)),"") -> Hi | G32: barg | I32: Sensors - Lube Oil System; | L32: =IFERROR(TRIM(INDEX(_xlfn.TEXTSPLIT(Table3[[#This Row],[Name]],"|"),1,2)),"") -> Assay
A33: Compressor Basic | B33: FRADE-PBA-1350 (HP Compressor Trem 1) | C33: Pressure - Lube Oil Bearings Header (2)|Lo | D33: =_xlfn.CONCAT(B33,C33) -> FRADE-PBA-1350 (HP Compressor Trem 1)Pressure - Lube Oil Bearings Header (2)|Lo | E33: =IFERROR(TRIM(INDEX(_xlfn.TEXTSPLIT(C33,"|"),1,2)),"") -> Lo | G33: barg | I33: Sensors - Lube Oil System; | L33: =IFERROR(TRIM(INDEX(_xlfn.TEXTSPLIT(Table3[[#This Row],[Name]],"|"),1,2)),"") -> Hi
A34: Compressor Basic | B34: FRADE-PBA-1350 (HP Compressor Trem 1) | C34: Pressure - Lube Oil Bearings Header (2)|LoLo | D34: =_xlfn.CONCAT(B34,C34) -> FRADE-PBA-1350 (HP Compressor Trem 1)Pressure - Lube Oil Bearings Header (2)|LoLo | E34: =IFERROR(TRIM(INDEX(_xlfn.TEXTSPLIT(C34,"|"),1,2)),"") -> LoLo | F34: 1.2 | G34: barg | I34: Sensors - Lube Oil System; | L34: =IFERROR(TRIM(INDEX(_xlfn.TEXTSPLIT(Table3[[#This Row],[Name]],"|"),1,2)),"") -> Particle Count - String
A35: Compressor Basic | B35: FRADE-PBA-1350 (HP Compressor Trem 1) | C35: Pressure - Lube Oil Bearings Header (2)|Pre-alarm Hi | D35: =_xlfn.CONCAT(B35,C35) -> FRADE-PBA-1350 (HP Compressor Trem 1)Pressure - Lube Oil Bearings Header (2)|Pre-alarm Hi | E35: =IFERROR(TRIM(INDEX(_xlfn.TEXTSPLIT(C35,"|"),1,2)),"") -> Pre-alarm Hi | G35: barg | I35: Sensors - Lube Oil System; | L35: =IFERROR(TRIM(INDEX(_xlfn.TEXTSPLIT(Table3[[#This Row],[Name]],"|"),1,2)),"") -> Particle Count - String
A36: Compressor Basic | B36: FRADE-PBA-1350 (HP Compressor Trem 1) | C36: Pressure - Lube Oil Bearings Header (2)|Pre-alarm Lo | D36: =_xlfn.CONCAT(B36,C36) -> FRADE-PBA-1350 (HP Compressor Trem 1)Pressure - Lube Oil Bearings Header (2)|Pre-alarm Lo | E36: =IFERROR(TRIM(INDEX(_xlfn.TEXTSPLIT(C36,"|"),1,2)),"") -> Pre-alarm Lo | G36: barg | I36: Sensors - Lube Oil System; | L36: =IFERROR(TRIM(INDEX(_xlfn.TEXTSPLIT(Table3[[#This Row],[Name]],"|"),1,2)),"") -> Replaced
A37: Compressor Basic | B37: FRADE-PBA-1350 (HP Compressor Trem 1) | C37: Temperature - Lube Oil Header | D37: =_xlfn.CONCAT(B37,C37) -> FRADE-PBA-1350 (HP Compressor Trem 1)Temperature - Lube Oil Header | E37: =IFERROR(TRIM(INDEX(_xlfn.TEXTSPLIT(C37,"|"),1,2)),"") | F37: =VLOOKUP(D37,REF!$AA$1:$AB$149,2,0) -> FRTS-072-TI-1423 | G37: °C | H37: Sensors - Lube Oil System; | I37: Sensors - Lube Oil System; | L37: =IFERROR(TRIM(INDEX(_xlfn.TEXTSPLIT(Table3[[#This Row],[Name]],"|"),1,2)),"") -> Type
A38: Compressor Basic | B38: FRADE-PBA-1350 (HP Compressor Trem 1) | C38: Temperature - Lube Oil Header|Hi | D38: =_xlfn.CONCAT(B38,C38) -> FRADE-PBA-1350 (HP Compressor Trem 1)Temperature - Lube Oil Header|Hi | E38: =IFERROR(TRIM(INDEX(_xlfn.TEXTSPLIT(C38,"|"),1,2)),"") -> Hi | F38: 55 | G38: °C | I38: Sensors - Lube Oil System; | L38: =IFERROR(TRIM(INDEX(_xlfn.TEXTSPLIT(Table3[[#This Row],[Name]],"|"),1,2)),"")
A39: Compressor Basic | B39: FRADE-PBA-1350 (HP Compressor Trem 1) | C39: Temperature - Lube Oil Header|HiHi | D39: =_xlfn.CONCAT(B39,C39) -> FRADE-PBA-1350 (HP Compressor Trem 1)Temperature - Lube Oil Header|HiHi | E39: =IFERROR(TRIM(INDEX(_xlfn.TEXTSPLIT(C39,"|"),1,2)),"") -> HiHi | G39: °C | I39: Sensors - Lube Oil System; | L39: =IFERROR(TRIM(INDEX(_xlfn.TEXTSPLIT(Table3[[#This Row],[Name]],"|"),1,2)),"") -> Hi
A40: Compressor Basic | B40: FRADE-PBA-1350 (HP Compressor Trem 1) | C40: Temperature - Lube Oil Header|Lo | D40: =_xlfn.CONCAT(B40,C40) -> FRADE-PBA-1350 (HP Compressor Trem 1)Temperature - Lube Oil Header|Lo | E40: =IFERROR(TRIM(INDEX(_xlfn.TEXTSPLIT(C40,"|"),1,2)),"") -> Lo | F40: 30 | G40: °C | I40: Sensors - Lube Oil System; | L40: =IFERROR(TRIM(INDEX(_xlfn.TEXTSPLIT(Table3[[#This Row],[Name]],"|"),1,2)),"") -> Lo
A41: Compressor Basic | B41: FRADE-PBA-1350 (HP Compressor Trem 1) | C41: Temperature - Lube Oil Header|LoLo | D41: =_xlfn.CONCAT(B41,C41) -> FRADE-PBA-1350 (HP Compressor Trem 1)Temperature - Lube Oil Header|LoLo | E41: =IFERROR(TRIM(INDEX(_xlfn.TEXTSPLIT(C41,"|"),1,2)),"") -> LoLo | G41: °C | I41: Sensors - Lube Oil System; | L41: =IFERROR(TRIM(INDEX(_xlfn.TEXTSPLIT(Table3[[#This Row],[Name]],"|"),1,2)),"") -> LoLo
A42: Compressor Basic | B42: FRADE-PBA-1350 (HP Compressor Trem 1) | C42: Temperature - Lube Oil Header|Pre-alarm Hi | D42: =_xlfn.CONCAT(B42,C42) -> FRADE-PBA-1350 (HP Compressor Trem 1)Temperature - Lube Oil Header|Pre-alarm Hi | E42: =IFERROR(TRIM(INDEX(_xlfn.TEXTSPLIT(C42,"|"),1,2)),"") -> Pre-alarm Hi | G42: °C | I42: Sensors - Lube Oil System; | L42: =IFERROR(TRIM(INDEX(_xlfn.TEXTSPLIT(Table3[[#This Row],[Name]],"|"),1,2)),"") -> Pre-alarm Hi
A43: Compressor Basic | B43: FRADE-PBA-1350 (HP Compressor Trem 1) | C43: Temperature - Lube Oil Header|Pre-alarm Lo | D43: =_xlfn.CONCAT(B43,C43) -> FRADE-PBA-1350 (HP Compressor Trem 1)Temperature - Lube Oil Header|Pre-alarm Lo | E43: =IFERROR(TRIM(INDEX(_xlfn.TEXTSPLIT(C43,"|"),1,2)),"") -> Pre-alarm Lo | G43: °C | I43: Sensors - Lube Oil System; | L43: =IFERROR(TRIM(INDEX(_xlfn.TEXTSPLIT(Table3[[#This Row],[Name]],"|"),1,2)),"") -> Pre-alarm Lo
A44: Compressor Basic | B44: FRADE-PBA-1350 (HP Compressor Trem 1) | C44: Temperature - Lube Oil Tank | D44: =_xlfn.CONCAT(B44,C44) -> FRADE-PBA-1350 (HP Compressor Trem 1)Temperature - Lube Oil Tank | E44: =IFERROR(TRIM(INDEX(_xlfn.TEXTSPLIT(C44,"|"),1,2)),"") | F44: =VLOOKUP(D44,REF!$AA$1:$AB$149,2,0) -> FRTS-TI-1413 | G44: °C | H44: Sensors - Lube Oil System; | I44: Sensors - Lube Oil System; | L44: =IFERROR(TRIM(INDEX(_xlfn.TEXTSPLIT(Table3[[#This Row],[Name]],"|"),1,2)),"")
A45: Compressor Basic | B45: FRADE-PBA-1350 (HP Compressor Trem 1) | C45: Temperature - Lube Oil Tank|Hi | D45: =_xlfn.CONCAT(B45,C45) -> FRADE-PBA-1350 (HP Compressor Trem 1)Temperature - Lube Oil Tank|Hi | E45: =IFERROR(TRIM(INDEX(_xlfn.TEXTSPLIT(C45,"|"),1,2)),"") -> Hi | F45: 75 | G45: °C | I45: Sensors - Lube Oil System; | L45: =IFERROR(TRIM(INDEX(_xlfn.TEXTSPLIT(Table3[[#This Row],[Name]],"|"),1,2)),"") -> Hi
A46: Compressor Basic | B46: FRADE-PBA-1350 (HP Compressor Trem 1) | C46: Temperature - Lube Oil Tank|HiHi | D46: =_xlfn.CONCAT(B46,C46) -> FRADE-PBA-1350 (HP Compressor Trem 1)Temperature - Lube Oil Tank|HiHi | E46: =IFERROR(TRIM(INDEX(_xlfn.TEXTSPLIT(C46,"|"),1,2)),"") -> HiHi | G46: °C | I46: Sensors - Lube Oil System; | L46: =IFERROR(TRIM(INDEX(_xlfn.TEXTSPLIT(Table3[[#This Row],[Name]],"|"),1,2)),"") -> Lo
A47: Compressor Basic | B47: FRADE-PBA-1350 (HP Compressor Trem 1) | C47: Temperature - Lube Oil Tank|Lo | D47: =_xlfn.CONCAT(B47,C47) -> FRADE-PBA-1350 (HP Compressor Trem 1)Temperature - Lube Oil Tank|Lo | E47: =IFERROR(TRIM(INDEX(_xlfn.TEXTSPLIT(C47,"|"),1,2)),"") -> Lo | F47: 30 | G47: °C | I47: Sensors - Lube Oil System; | L47: =IFERROR(TRIM(INDEX(_xlfn.TEXTSPLIT(Table3[[#This Row],[Name]],"|"),1,2)),"") -> LoLo
A48: Compressor Basic | B48: FRADE-PBA-1350 (HP Compressor Trem 1) | C48: Temperature - Lube Oil Tank|LoLo | D48: =_xlfn.CONCAT(B48,C48) -> FRADE-PBA-1350 (HP Compressor Trem 1)Temperature - Lube Oil Tank|LoLo | E48: =IFERROR(TRIM(INDEX(_xlfn.TEXTSPLIT(C48,"|"),1,2)),"") -> LoLo | G48: °C | I48: Sensors - Lube Oil System; | L48: =IFERROR(TRIM(INDEX(_xlfn.TEXTSPLIT(Table3[[#This Row],[Name]],"|"),1,2)),"") -> Pre-alarm Hi
A49: Compressor Basic | B49: FRADE-PBA-1350 (HP Compressor Trem 1) | C49: Temperature - Lube Oil Tank|Pre-alarm Hi | D49: =_xlfn.CONCAT(B49,C49) -> FRADE-PBA-1350 (HP Compressor Trem 1)Temperature - Lube Oil Tank|Pre-alarm Hi | E49: =IFERROR(TRIM(INDEX(_xlfn.TEXTSPLIT(C49,"|"),1,2)),"") -> Pre-alarm Hi | G49: °C | I49: Sensors - Lube Oil System; | L49: =IFERROR(TRIM(INDEX(_xlfn.TEXTSPLIT(Table3[[#This Row],[Name]],"|"),1,2)),"") -> Pre-alarm Lo
A50: Compressor Basic | B50: FRADE-PBA-1350 (HP Compressor Trem 1) | C50: Temperature - Lube Oil Tank|Pre-alarm Lo | D50: =_xlfn.CONCAT(B50,C50) -> FRADE-PBA-1350 (HP Compressor Trem 1)Temperature - Lube Oil Tank|Pre-alarm Lo | E50: =IFERROR(TRIM(INDEX(_xlfn.TEXTSPLIT(C50,"|"),1,2)),"") -> Pre-alarm Lo | G50: °C | I50: Sensors - Lube Oil System; | L50: =IFERROR(TRIM(INDEX(_xlfn.TEXTSPLIT(Table3[[#This Row],[Name]],"|"),1,2)),"")
A51: Compressor Basic | B51: FRADE-CM-1350 (HP Motor Trem 1) | C51: Temperature - Motor DE Bearing | D51: =_xlfn.CONCAT(B51,C51) -> FRADE-CM-1350 (HP Motor Trem 1)Temperature - Motor DE Bearing | E51: =IFERROR(TRIM(INDEX(_xlfn.TEXTSPLIT(C51,"|"),1,2)),"") | F51: =VLOOKUP(D51,REF!$AA$1:$AB$149,2,0) -> FRTS-TI-1305A | G51: °C | H51: Sensors - Electric Motor; | I51: Sensors - Electric Motor; | L51: =IFERROR(TRIM(INDEX(_xlfn.TEXTSPLIT(Table3[[#This Row],[Name]],"|"),1,2)),"") -> Hi
A52: Compressor Basic | B52: FRADE-CM-1350 (HP Motor Trem 1) | C52: Temperature - Motor DE Bearing|Hi | D52: =_xlfn.CONCAT(B52,C52) -> FRADE-CM-1350 (HP Motor Trem 1)Temperature - Motor DE Bearing|Hi | E52: =IFERROR(TRIM(INDEX(_xlfn.TEXTSPLIT(C52,"|"),1,2)),"") -> Hi | G52: °C | I52: Sensors - Electric Motor; | L52: =IFERROR(TRIM(INDEX(_xlfn.TEXTSPLIT(Table3[[#This Row],[Name]],"|"),1,2)),"")
A53: Compressor Basic | B53: FRADE-CM-1350 (HP Motor Trem 1) | C53: Temperature - Motor DE Bearing|HiHi | D53: =_xlfn.CONCAT(B53,C53) -> FRADE-CM-1350 (HP Motor Trem 1)Temperature - Motor DE Bearing|HiHi | E53: =IFERROR(TRIM(INDEX(_xlfn.TEXTSPLIT(C53,"|"),1,2)),"") -> HiHi | F53: 95 | G53: °C | I53: Sensors - Electric Motor; | L53: =IFERROR(TRIM(INDEX(_xlfn.TEXTSPLIT(Table3[[#This Row],[Name]],"|"),1,2)),"") -> Hi
A54: Compressor Basic | B54: FRADE-CM-1350 (HP Motor Trem 1) | C54: Temperature - Motor DE Bearing|Pre-alarm Hi | D54: =_xlfn.CONCAT(B54,C54) -> FRADE-CM-1350 (HP Motor Trem 1)Temperature - Motor DE Bearing|Pre-alarm Hi | E54: =IFERROR(TRIM(INDEX(_xlfn.TEXTSPLIT(C54,"|"),1,2)),"") -> Pre-alarm Hi | G54: °C | I54: Sensors - Electric Motor; | L54: =IFERROR(TRIM(INDEX(_xlfn.TEXTSPLIT(Table3[[#This Row],[Name]],"|"),1,2)),"") -> Lo
A55: Compressor Basic | B55: FRADE-CM-1350 (HP Motor Trem 1) | C55: Temperature - Motor NDE Bearing | D55: =_xlfn.CONCAT(B55,C55) -> FRADE-CM-1350 (HP Motor Trem 1)Temperature - Motor NDE Bearing | E55: =IFERROR(TRIM(INDEX(_xlfn.TEXTSPLIT(C55,"|"),1,2)),"") | F55: =VLOOKUP(D55,REF!$AA$1:$AB$149,2,0) -> FRTS-TI-1304A | G55: °C | H55: Sensors - Electric Motor; | I55: Sensors - Electric Motor; | L55: =IFERROR(TRIM(INDEX(_xlfn.TEXTSPLIT(Table3[[#This Row],[Name]],"|"),1,2)),"") -> Pre-alarm Lo
A56: Compressor Basic | B56: FRADE-CM-1350 (HP Motor Trem 1) | C56: Temperature - Motor NDE Bearing|Hi | D56: =_xlfn.CONCAT(B56,C56) -> FRADE-CM-1350 (HP Motor Trem 1)Temperature - Motor NDE Bearing|Hi | E56: =IFERROR(TRIM(INDEX(_xlfn.TEXTSPLIT(C56,"|"),1,2)),"") -> Hi | G56: °C | I56: Sensors - Electric Motor; | L56: =IFERROR(TRIM(INDEX(_xlfn.TEXTSPLIT(Table3[[#This Row],[Name]],"|"),1,2)),"") -> Pressure - Suction Upstream Stage
A57: Compressor Basic | B57: FRADE-CM-1350 (HP Motor Trem 1) | C57: Temperature - Motor NDE Bearing|HiHi | D57: =_xlfn.CONCAT(B57,C57) -> FRADE-CM-1350 (HP Motor Trem 1)Temperature - Motor NDE Bearing|HiHi | E57: =IFERROR(TRIM(INDEX(_xlfn.TEXTSPLIT(C57,"|"),1,2)),"") -> HiHi | F57: 95 | G57: °C | I57: Sensors - Electric Motor; | L57: =IFERROR(TRIM(INDEX(_xlfn.TEXTSPLIT(Table3[[#This Row],[Name]],"|"),1,2)),"")
A58: Compressor Basic | B58: FRADE-CM-1350 (HP Motor Trem 1) | C58: Temperature - Motor NDE Bearing|Pre-alarm Hi | D58: =_xlfn.CONCAT(B58,C58) -> FRADE-CM-1350 (HP Motor Trem 1)Temperature - Motor NDE Bearing|Pre-alarm Hi | E58: =IFERROR(TRIM(INDEX(_xlfn.TEXTSPLIT(C58,"|"),1,2)),"") -> Pre-alarm Hi | G58: °C | I58: Sensors - Electric Motor; | L58: =IFERROR(TRIM(INDEX(_xlfn.TEXTSPLIT(Table3[[#This Row],[Name]],"|"),1,2)),"") -> Hi
A59: Compressor Basic | B59: FRADE-CM-1350 (HP Motor Trem 1) | C59: Temperature - Stator Air Cold (1) | D59: =_xlfn.CONCAT(B59,C59) -> FRADE-CM-1350 (HP Motor Trem 1)Temperature - Stator Air Cold (1) | E59: =IFERROR(TRIM(INDEX(_xlfn.TEXTSPLIT(C59,"|"),1,2)),"") | F59: =VLOOKUP(D59,REF!$AA$1:$AB$149,2,0) -> FRTS-TE-1309A | G59: °C | H59: Sensors - Electric Motor; | I59: Sensors - Electric Motor; | J59: 1x09A | L59: =IFERROR(TRIM(INDEX(_xlfn.TEXTSPLIT(Table3[[#This Row],[Name]],"|"),1,2)),"") -> Lo
A60: Compressor Basic | B60: FRADE-CM-1350 (HP Motor Trem 1) | C60: Temperature - Stator Air Cold (1)|Hi | D60: =_xlfn.CONCAT(B60,C60) -> FRADE-CM-1350 (HP Motor Trem 1)Temperature - Stator Air Cold (1)|Hi | E60: =IFERROR(TRIM(INDEX(_xlfn.TEXTSPLIT(C60,"|"),1,2)),"") -> Hi | F60: 55 | G60: °C | I60: Sensors - Electric Motor; | L60: =IFERROR(TRIM(INDEX(_xlfn.TEXTSPLIT(Table3[[#This Row],[Name]],"|"),1,2)),"") -> Pre-alarm Hi
A61: Compressor Basic | B61: FRADE-CM-1350 (HP Motor Trem 1) | C61: Temperature - Stator Air Cold (1)|HiHi | D61: =_xlfn.CONCAT(B61,C61) -> FRADE-CM-1350 (HP Motor Trem 1)Temperature - Stator Air Cold (1)|HiHi | E61: =IFERROR(TRIM(INDEX(_xlfn.TEXTSPLIT(C61,"|"),1,2)),"") -> HiHi | F61: 60 | G61: °C | I61: Sensors - Electric Motor; | L61: =IFERROR(TRIM(INDEX(_xlfn.TEXTSPLIT(Table3[[#This Row],[Name]],"|"),1,2)),"") -> Pre-alarm Lo
A62: Compressor Basic | B62: FRADE-CM-1350 (HP Motor Trem 1) | C62: Temperature - Stator Air Cold (1)|Pre-alarm Hi | D62: =_xlfn.CONCAT(B62,C62) -> FRADE-CM-1350 (HP Motor Trem 1)Temperature - Stator Air Cold (1)|Pre-alarm Hi | E62: =IFERROR(TRIM(INDEX(_xlfn.TEXTSPLIT(C62,"|"),1,2)),"") -> Pre-alarm Hi | G62: °C | I62: Sensors - Electric Motor; | L62: =IFERROR(TRIM(INDEX(_xlfn.TEXTSPLIT(Table3[[#This Row],[Name]],"|"),1,2)),"")
A63: Compressor Basic | B63: FRADE-CM-1350 (HP Motor Trem 1) | C63: Temperature - Stator Air Hot | D63: =_xlfn.CONCAT(B63,C63) -> FRADE-CM-1350 (HP Motor Trem 1)Temperature - Stator Air Hot | E63: =IFERROR(TRIM(INDEX(_xlfn.TEXTSPLIT(C63,"|"),1,2)),"") | F63: =VLOOKUP(D63,REF!$AA$1:$AB$149,2,0) -> FRTS-TE-1309B | G63: °C | H63: Sensors - Electric Motor; | I63: Sensors - Electric Motor; | J63: 1x09B | L63: =IFERROR(TRIM(INDEX(_xlfn.TEXTSPLIT(Table3[[#This Row],[Name]],"|"),1,2)),"") -> Hi
A64: Compressor Basic | B64: FRADE-CM-1350 (HP Motor Trem 1) | C64: Temperature - Stator Air Hot|Hi | D64: =_xlfn.CONCAT(B64,C64) -> FRADE-CM-1350 (HP Motor Trem 1)Temperature - Stator Air Hot|Hi | E64: =IFERROR(TRIM(INDEX(_xlfn.TEXTSPLIT(C64,"|"),1,2)),"") -> Hi | F64: 105 | G64: °C | I64: Sensors - Electric Motor; | L64: =IFERROR(TRIM(INDEX(_xlfn.TEXTSPLIT(Table3[[#This Row],[Name]],"|"),1,2)),"") -> Lo
A65: Compressor Basic | B65: FRADE-CM-1350 (HP Motor Trem 1) | C65: Temperature - Stator Air Hot|HiHi | D65: =_xlfn.CONCAT(B65,C65) -> FRADE-CM-1350 (HP Motor Trem 1)Temperature - Stator Air Hot|HiHi | E65: =IFERROR(TRIM(INDEX(_xlfn.TEXTSPLIT(C65,"|"),1,2)),"") -> HiHi | F65: 110 | G65: °C | I65: Sensors - Electric Motor; | L65: =IFERROR(TRIM(INDEX(_xlfn.TEXTSPLIT(Table3[[#This Row],[Name]],"|"),1,2)),"") -> LoLo
A66: Compressor Basic | B66: FRADE-CM-1350 (HP Motor Trem 1) | C66: Temperature - Stator Air Hot|Pre-alarm Hi | D66: =_xlfn.CONCAT(B66,C66) -> FRADE-CM-1350 (HP Motor Trem 1)Temperature - Stator Air Hot|Pre-alarm Hi | E66: =IFERROR(TRIM(INDEX(_xlfn.TEXTSPLIT(C66,"|"),1,2)),"") -> Pre-alarm Hi | G66: °C | I66: Sensors - Electric Motor; | L66: =IFERROR(TRIM(INDEX(_xlfn.TEXTSPLIT(Table3[[#This Row],[Name]],"|"),1,2)),"") -> Pre-alarm Hi
A67: Compressor Basic | B67: FRADE-CM-1350 (HP Motor Trem 1) | C67: Temperature - Stator U | D67: =_xlfn.CONCAT(B67,C67) -> FRADE-CM-1350 (HP Motor Trem 1)Temperature - Stator U | E67: =IFERROR(TRIM(INDEX(_xlfn.TEXTSPLIT(C67,"|"),1,2)),"") | F67: =VLOOKUP(D67,REF!$AA$1:$AB$149,2,0) -> FRTS-TE-1308A | G67: °C | H67: Sensors - Electric Motor; | I67: Sensors - Electric Motor; | L67: =IFERROR(TRIM(INDEX(_xlfn.TEXTSPLIT(Table3[[#This Row],[Name]],"|"),1,2)),"") -> Pre-alarm Lo
A68: Compressor Basic | B68: FRADE-CM-1350 (HP Motor Trem 1) | C68: Temperature - Stator U|Hi | D68: =_xlfn.CONCAT(B68,C68) -> FRADE-CM-1350 (HP Motor Trem 1)Temperature - Stator U|Hi | E68: =IFERROR(TRIM(INDEX(_xlfn.TEXTSPLIT(C68,"|"),1,2)),"") -> Hi | G68: °C | I68: Sensors - Electric Motor; | L68: =IFERROR(TRIM(INDEX(_xlfn.TEXTSPLIT(Table3[[#This Row],[Name]],"|"),1,2)),"")
A69: Compressor Basic | B69: FRADE-CM-1350 (HP Motor Trem 1) | C69: Temperature - Stator U|HiHi | D69: =_xlfn.CONCAT(B69,C69) -> FRADE-CM-1350 (HP Motor Trem 1)Temperature - Stator U|HiHi | E69: =IFERROR(TRIM(INDEX(_xlfn.TEXTSPLIT(C69,"|"),1,2)),"") -> HiHi | F69: 150 | G69: °C | I69: Sensors - Electric Motor; | L69: =IFERROR(TRIM(INDEX(_xlfn.TEXTSPLIT(Table3[[#This Row],[Name]],"|"),1,2)),"") -> Hi
A70: Compressor Basic | B70: FRADE-CM-1350 (HP Motor Trem 1) | C70: Temperature - Stator U|Lo | D70: =_xlfn.CONCAT(B70,C70) -> FRADE-CM-1350 (HP Motor Trem 1)Temperature - Stator U|Lo | E70: =IFERROR(TRIM(INDEX(_xlfn.TEXTSPLIT(C70,"|"),1,2)),"") -> Lo | G70: °C | I70: Sensors - Electric Motor; | L70: =IFERROR(TRIM(INDEX(_xlfn.TEXTSPLIT(Table3[[#This Row],[Name]],"|"),1,2)),"") -> Lo
A71: Compressor Basic | B71: FRADE-CM-1350 (HP Motor Trem 1) | C71: Temperature - Stator U|Pre-alarm Hi | D71: =_xlfn.CONCAT(B71,C71) -> FRADE-CM-1350 (HP Motor Trem 1)Temperature - Stator U|Pre-alarm Hi | E71: =IFERROR(TRIM(INDEX(_xlfn.TEXTSPLIT(C71,"|"),1,2)),"") -> Pre-alarm Hi | G71: °C | I71: Sensors - Electric Motor; | L71: =IFERROR(TRIM(INDEX(_xlfn.TEXTSPLIT(Table3[[#This Row],[Name]],"|"),1,2)),"") -> LoLo
A72: Compressor Basic | B72: FRADE-CM-1350 (HP Motor Trem 1) | C72: Temperature - Stator U (2) | D72: =_xlfn.CONCAT(B72,C72) -> FRADE-CM-1350 (HP Motor Trem 1)Temperature - Stator U (2) | E72: =IFERROR(TRIM(INDEX(_xlfn.TEXTSPLIT(C72,"|"),1,2)),"") | F72: =VLOOKUP(D72,REF!$AA$1:$AB$149,2,0) -> FRTS-TE-1308D | G72: °C | H72: Sensors - Electric Motor; | I72: Sensors - Electric Motor; | L72: =IFERROR(TRIM(INDEX(_xlfn.TEXTSPLIT(Table3[[#This Row],[Name]],"|"),1,2)),"") -> Pre-alarm Hi
A73: Compressor Basic | B73: FRADE-CM-1350 (HP Motor Trem 1) | C73: Temperature - Stator U (2)|Hi | D73: =_xlfn.CONCAT(B73,C73) -> FRADE-CM-1350 (HP Motor Trem 1)Temperature - Stator U (2)|Hi | E73: =IFERROR(TRIM(INDEX(_xlfn.TEXTSPLIT(C73,"|"),1,2)),"") -> Hi | F73: 140 | G73: °C | I73: Sensors - Electric Motor; | L73: =IFERROR(TRIM(INDEX(_xlfn.TEXTSPLIT(Table3[[#This Row],[Name]],"|"),1,2)),"") -> Pre-alarm Lo
A74: Compressor Basic | B74: FRADE-CM-1350 (HP Motor Trem 1) | C74: Temperature - Stator U (2)|HiHi | D74: =_xlfn.CONCAT(B74,C74) -> FRADE-CM-1350 (HP Motor Trem 1)Temperature - Stator U (2)|HiHi | E74: =IFERROR(TRIM(INDEX(_xlfn.TEXTSPLIT(C74,"|"),1,2)),"") -> HiHi | G74: °C | I74: Sensors - Electric Motor; | L74: =IFERROR(TRIM(INDEX(_xlfn.TEXTSPLIT(Table3[[#This Row],[Name]],"|"),1,2)),"")
A75: Compressor Basic | B75: FRADE-CM-1350 (HP Motor Trem 1) | C75: Temperature - Stator U (2)|Lo | D75: =_xlfn.CONCAT(B75,C75) -> FRADE-CM-1350 (HP Motor Trem 1)Temperature - Stator U (2)|Lo | E75: =IFERROR(TRIM(INDEX(_xlfn.TEXTSPLIT(C75,"|"),1,2)),"") -> Lo | G75: °C | I75: Sensors - Electric Motor; | L75: =IFERROR(TRIM(INDEX(_xlfn.TEXTSPLIT(Table3[[#This Row],[Name]],"|"),1,2)),"") -> Hi
A76: Compressor Basic | B76: FRADE-CM-1350 (HP Motor Trem 1) | C76: Temperature - Stator U (2)|Pre-alarm Hi | D76: =_xlfn.CONCAT(B76,C76) -> FRADE-CM-1350 (HP Motor Trem 1)Temperature - Stator U (2)|Pre-alarm Hi | E76: =IFERROR(TRIM(INDEX(_xlfn.TEXTSPLIT(C76,"|"),1,2)),"") -> Pre-alarm Hi | G76: °C | I76: Sensors - Electric Motor; | L76: =IFERROR(TRIM(INDEX(_xlfn.TEXTSPLIT(Table3[[#This Row],[Name]],"|"),1,2)),"") -> Lo
A77: Compressor Basic | B77: FRADE-CM-1350 (HP Motor Trem 1) | C77: Temperature - Stator V | D77: =_xlfn.CONCAT(B77,C77) -> FRADE-CM-1350 (HP Motor Trem 1)Temperature - Stator V | E77: =IFERROR(TRIM(INDEX(_xlfn.TEXTSPLIT(C77,"|"),1,2)),"") | F77: =VLOOKUP(D77,REF!$AA$1:$AB$149,2,0) -> FRTS-TE-1308B | G77: °C | H77: Sensors - Electric Motor; | I77: Sensors - Electric Motor; | L77: =IFERROR(TRIM(INDEX(_xlfn.TEXTSPLIT(Table3[[#This Row],[Name]],"|"),1,2)),"") -> LoLo
A78: Compressor Basic | B78: FRADE-CM-1350 (HP Motor Trem 1) | C78: Temperature - Stator V|Hi | D78: =_xlfn.CONCAT(B78,C78) -> FRADE-CM-1350 (HP Motor Trem 1)Temperature - Stator V|Hi | E78: =IFERROR(TRIM(INDEX(_xlfn.TEXTSPLIT(C78,"|"),1,2)),"") -> Hi | G78: °C | I78: Sensors - Electric Motor; | L78: =IFERROR(TRIM(INDEX(_xlfn.TEXTSPLIT(Table3[[#This Row],[Name]],"|"),1,2)),"") -> Pre-alarm Hi
A79: Compressor Basic | B79: FRADE-CM-1350 (HP Motor Trem 1) | C79: Temperature - Stator V|HiHi | D79: =_xlfn.CONCAT(B79,C79) -> FRADE-CM-1350 (HP Motor Trem 1)Temperature - Stator V|HiHi | E79: =IFERROR(TRIM(INDEX(_xlfn.TEXTSPLIT(C79,"|"),1,2)),"") -> HiHi | F79: 150 | G79: °C | I79: Sensors - Electric Motor; | L79: =IFERROR(TRIM(INDEX(_xlfn.TEXTSPLIT(Table3[[#This Row],[Name]],"|"),1,2)),"") -> Pre-alarm Lo
A80: Compressor Basic | B80: FRADE-CM-1350 (HP Motor Trem 1) | C80: Temperature - Stator V|Lo | D80: =_xlfn.CONCAT(B80,C80) -> FRADE-CM-1350 (HP Motor Trem 1)Temperature - Stator V|Lo | E80: =IFERROR(TRIM(INDEX(_xlfn.TEXTSPLIT(C80,"|"),1,2)),"") -> Lo | G80: °C | I80: Sensors - Electric Motor; | L80: =IFERROR(TRIM(INDEX(_xlfn.TEXTSPLIT(Table3[[#This Row],[Name]],"|"),1,2)),"")
A81: Compressor Basic | B81: FRADE-CM-1350 (HP Motor Trem 1) | C81: Temperature - Stator V|Pre-alarm Hi | D81: =_xlfn.CONCAT(B81,C81) -> FRADE-CM-1350 (HP Motor Trem 1)Temperature - Stator V|Pre-alarm Hi | E81: =IFERROR(TRIM(INDEX(_xlfn.TEXTSPLIT(C81,"|"),1,2)),"") -> Pre-alarm Hi | G81: °C | I81: Sensors - Electric Motor; | L81: =IFERROR(TRIM(INDEX(_xlfn.TEXTSPLIT(Table3[[#This Row],[Name]],"|"),1,2)),"") -> Hi
A82: Compressor Basic | B82: FRADE-CM-1350 (HP Motor Trem 1) | C82: Temperature - Stator V (2) | D82: =_xlfn.CONCAT(B82,C82) -> FRADE-CM-1350 (HP Motor Trem 1)Temperature - Stator V (2) | E82: =IFERROR(TRIM(INDEX(_xlfn.TEXTSPLIT(C82,"|"),1,2)),"") | F82: =VLOOKUP(D82,REF!$AA$1:$AB$149,2,0) -> FRTS-TE-1308E | G82: °C | H82: Sensors - Electric Motor; | I82: Sensors - Electric Motor; | L82: =IFERROR(TRIM(INDEX(_xlfn.TEXTSPLIT(Table3[[#This Row],[Name]],"|"),1,2)),"") -> Lo
A83: Compressor Basic | B83: FRADE-CM-1350 (HP Motor Trem 1) | C83: Temperature - Stator V (2)|Hi | D83: =_xlfn.CONCAT(B83,C83) -> FRADE-CM-1350 (HP Motor Trem 1)Temperature - Stator V (2)|Hi | E83: =IFERROR(TRIM(INDEX(_xlfn.TEXTSPLIT(C83,"|"),1,2)),"") -> Hi | F83: 140 | G83: °C | I83: Sensors - Electric Motor; | L83: =IFERROR(TRIM(INDEX(_xlfn.TEXTSPLIT(Table3[[#This Row],[Name]],"|"),1,2)),"") -> Pre-alarm Hi
A84: Compressor Basic | B84: FRADE-CM-1350 (HP Motor Trem 1) | C84: Temperature - Stator V (2)|HiHi | D84: =_xlfn.CONCAT(B84,C84) -> FRADE-CM-1350 (HP Motor Trem 1)Temperature - Stator V (2)|HiHi | E84: =IFERROR(TRIM(INDEX(_xlfn.TEXTSPLIT(C84,"|"),1,2)),"") -> HiHi | G84: °C | I84: Sensors - Electric Motor; | L84: =IFERROR(TRIM(INDEX(_xlfn.TEXTSPLIT(Table3[[#This Row],[Name]],"|"),1,2)),"") -> Pre-alarm Lo
A85: Compressor Basic | B85: FRADE-CM-1350 (HP Motor Trem 1) | C85: Temperature - Stator V (2)|Lo | D85: =_xlfn.CONCAT(B85,C85) -> FRADE-CM-1350 (HP Motor Trem 1)Temperature - Stator V (2)|Lo | E85: =IFERROR(TRIM(INDEX(_xlfn.TEXTSPLIT(C85,"|"),1,2)),"") -> Lo | G85: °C | I85: Sensors - Electric Motor; | L85: =IFERROR(TRIM(INDEX(_xlfn.TEXTSPLIT(Table3[[#This Row],[Name]],"|"),1,2)),"")
A86: Compressor Basic | B86: FRADE-CM-1350 (HP Motor Trem 1) | C86: Temperature - Stator V (2)|Pre-alarm Hi | D86: =_xlfn.CONCAT(B86,C86) -> FRADE-CM-1350 (HP Motor Trem 1)Temperature - Stator V (2)|Pre-alarm Hi | E86: =IFERROR(TRIM(INDEX(_xlfn.TEXTSPLIT(C86,"|"),1,2)),"") -> Pre-alarm Hi | G86: °C | I86: Sensors - Electric Motor; | L86: =IFERROR(TRIM(INDEX(_xlfn.TEXTSPLIT(Table3[[#This Row],[Name]],"|"),1,2)),"")
A87: Compressor Basic | B87: FRADE-CM-1350 (HP Motor Trem 1) | C87: Temperature - Stator W | D87: =_xlfn.CONCAT(B87,C87) -> FRADE-CM-1350 (HP Motor Trem 1)Temperature - Stator W | E87: =IFERROR(TRIM(INDEX(_xlfn.TEXTSPLIT(C87,"|"),1,2)),"") | F87: =VLOOKUP(D87,REF!$AA$1:$AB$149,2,0) -> FRTS-TE-1308C | G87: °C | H87: Sensors - Electric Motor; | I87: Sensors - Electric Motor; | L87: =IFERROR(TRIM(INDEX(_xlfn.TEXTSPLIT(Table3[[#This Row],[Name]],"|"),1,2)),"") -> Hi
A88: Compressor Basic | B88: FRADE-CM-1350 (HP Motor Trem 1) | C88: Temperature - Stator W|Hi | D88: =_xlfn.CONCAT(B88,C88) -> FRADE-CM-1350 (HP Motor Trem 1)Temperature - Stator W|Hi | E88: =IFERROR(TRIM(INDEX(_xlfn.TEXTSPLIT(C88,"|"),1,2)),"") -> Hi | G88: °C | I88: Sensors - Electric Motor; | L88: =IFERROR(TRIM(INDEX(_xlfn.TEXTSPLIT(Table3[[#This Row],[Name]],"|"),1,2)),"") -> HiHi
A89: Compressor Basic | B89: FRADE-CM-1350 (HP Motor Trem 1) | C89: Temperature - Stator W|HiHi | D89: =_xlfn.CONCAT(B89,C89) -> FRADE-CM-1350 (HP Motor Trem 1)Temperature - Stator W|HiHi | E89: =IFERROR(TRIM(INDEX(_xlfn.TEXTSPLIT(C89,"|"),1,2)),"") -> HiHi | F89: 150 | G89: °C | I89: Sensors - Electric Motor; | L89: =IFERROR(TRIM(INDEX(_xlfn.TEXTSPLIT(Table3[[#This Row],[Name]],"|"),1,2)),"") -> Lo
A90: Compressor Basic | B90: FRADE-CM-1350 (HP Motor Trem 1) | C90: Temperature - Stator W|Lo | D90: =_xlfn.CONCAT(B90,C90) -> FRADE-CM-1350 (HP Motor Trem 1)Temperature - Stator W|Lo | E90: =IFERROR(TRIM(INDEX(_xlfn.TEXTSPLIT(C90,"|"),1,2)),"") -> Lo | G90: °C | I90: Sensors - Electric Motor; | L90: =IFERROR(TRIM(INDEX(_xlfn.TEXTSPLIT(Table3[[#This Row],[Name]],"|"),1,2)),"") -> LoLo
A91: Compressor Basic | B91: FRADE-CM-1350 (HP Motor Trem 1) | C91: Temperature - Stator W|Pre-alarm Hi | D91: =_xlfn.CONCAT(B91,C91) -> FRADE-CM-1350 (HP Motor Trem 1)Temperature - Stator W|Pre-alarm Hi | E91: =IFERROR(TRIM(INDEX(_xlfn.TEXTSPLIT(C91,"|"),1,2)),"") -> Pre-alarm Hi | G91: °C | I91: Sensors - Electric Motor; | L91: =IFERROR(TRIM(INDEX(_xlfn.TEXTSPLIT(Table3[[#This Row],[Name]],"|"),1,2)),"") -> Pre-alarm Lo
A92: Compressor Basic | B92: FRADE-CM-1350 (HP Motor Trem 1) | C92: Temperature - Stator W (2) | D92: =_xlfn.CONCAT(B92,C92) -> FRADE-CM-1350 (HP Motor Trem 1)Temperature - Stator W (2) | E92: =IFERROR(TRIM(INDEX(_xlfn.TEXTSPLIT(C92,"|"),1,2)),"") | F92: =VLOOKUP(D92,REF!$AA$1:$AB$149,2,0) -> FRTS-TE-1308F | G92: °C | H92: Sensors - Electric Motor; | I92: Sensors - Electric Motor; | L92: =IFERROR(TRIM(INDEX(_xlfn.TEXTSPLIT(Table3[[#This Row],[Name]],"|"),1,2)),"")
A93: Compressor Basic | B93: FRADE-CM-1350 (HP Motor Trem 1) | C93: Temperature - Stator W (2)|Hi | D93: =_xlfn.CONCAT(B93,C93) -> FRADE-CM-1350 (HP Motor Trem 1)Temperature - Stator W (2)|Hi | E93: =IFERROR(TRIM(INDEX(_xlfn.TEXTSPLIT(C93,"|"),1,2)),"") -> Hi | F93: 140 | G93: °C | I93: Sensors - Electric Motor; | L93: =IFERROR(TRIM(INDEX(_xlfn.TEXTSPLIT(Table3[[#This Row],[Name]],"|"),1,2)),"")
A94: Compressor Basic | B94: FRADE-CM-1350 (HP Motor Trem 1) | C94: Temperature - Stator W (2)|HiHi | D94: =_xlfn.CONCAT(B94,C94) -> FRADE-CM-1350 (HP Motor Trem 1)Temperature - Stator W (2)|HiHi | E94: =IFERROR(TRIM(INDEX(_xlfn.TEXTSPLIT(C94,"|"),1,2)),"") -> HiHi | G94: °C | I94: Sensors - Electric Motor; | L94: =IFERROR(TRIM(INDEX(_xlfn.TEXTSPLIT(Table3[[#This Row],[Name]],"|"),1,2)),"")
A95: Compressor Basic | B95: FRADE-CM-1350 (HP Motor Trem 1) | C95: Temperature - Stator W (2)|Lo | D95: =_xlfn.CONCAT(B95,C95) -> FRADE-CM-1350 (HP Motor Trem 1)Temperature - Stator W (2)|Lo | E95: =IFERROR(TRIM(INDEX(_xlfn.TEXTSPLIT(C95,"|"),1,2)),"") -> Lo | G95: °C | I95: Sensors - Electric Motor; | L95: =IFERROR(TRIM(INDEX(_xlfn.TEXTSPLIT(Table3[[#This Row],[Name]],"|"),1,2)),"")
A96: Compressor Basic | B96: FRADE-CM-1350 (HP Motor Trem 1) | C96: Temperature - Stator W (2)|Pre-alarm Hi | D96: =_xlfn.CONCAT(B96,C96) -> FRADE-CM-1350 (HP Motor Trem 1)Temperature - Stator W (2)|Pre-alarm Hi | E96: =IFERROR(TRIM(INDEX(_xlfn.TEXTSPLIT(C96,"|"),1,2)),"") -> Pre-alarm Hi | G96: °C | I96: Sensors - Electric Motor; | L96: =IFERROR(TRIM(INDEX(_xlfn.TEXTSPLIT(Table3[[#This Row],[Name]],"|"),1,2)),"")
A97: Compressor Basic | B97: FRADE-CM-1350 (HP Motor Trem 1) | C97: Vibration - Motor DE Bearing (1) | D97: =_xlfn.CONCAT(B97,C97) -> FRADE-CM-1350 (HP Motor Trem 1)Vibration - Motor DE Bearing (1) | E97: =IFERROR(TRIM(INDEX(_xlfn.TEXTSPLIT(C97,"|"),1,2)),"") | F97: =VLOOKUP(D97,REF!$AA$1:$AB$149,2,0) -> FRTS-071-VT-1307A | G97: μm | H97: Sensors - Electric Motor; | I97: Sensors - Electric Motor; | L97: =IFERROR(TRIM(INDEX(_xlfn.TEXTSPLIT(Table3[[#This Row],[Name]],"|"),1,2)),"")
A98: Compressor Basic | B98: FRADE-CM-1350 (HP Motor Trem 1) | C98: Vibration - Motor DE Bearing (1)|Hi | D98: =_xlfn.CONCAT(B98,C98) -> FRADE-CM-1350 (HP Motor Trem 1)Vibration - Motor DE Bearing (1)|Hi | E98: =IFERROR(TRIM(INDEX(_xlfn.TEXTSPLIT(C98,"|"),1,2)),"") -> Hi | F98: 274 | G98: μm | I98: Sensors - Electric Motor; | L98: =IFERROR(TRIM(INDEX(_xlfn.TEXTSPLIT(Table3[[#This Row],[Name]],"|"),1,2)),"")
A99: Compressor Basic | B99: FRADE-CM-1350 (HP Motor Trem 1) | C99: Vibration - Motor DE Bearing (1)|HiHi | D99: =_xlfn.CONCAT(B99,C99) -> FRADE-CM-1350 (HP Motor Trem 1)Vibration - Motor DE Bearing (1)|HiHi | E99: =IFERROR(TRIM(INDEX(_xlfn.TEXTSPLIT(C99,"|"),1,2)),"") -> HiHi | F99: 308 | G99: μm | I99: Sensors - Electric Motor; | L99: =IFERROR(TRIM(INDEX(_xlfn.TEXTSPLIT(Table3[[#This Row],[Name]],"|"),1,2)),"")
A100: Compressor Basic | B100: FRADE-CM-1350 (HP Motor Trem 1) | C100: Vibration - Motor DE Bearing (1)|Pre-alarm Hi | D100: =_xlfn.CONCAT(B100,C100) -> FRADE-CM-1350 (HP Motor Trem 1)Vibration - Motor DE Bearing (1)|Pre-alarm Hi | E100: =IFERROR(TRIM(INDEX(_xlfn.TEXTSPLIT(C100,"|"),1,2)),"") -> Pre-alarm Hi | G100: μm | I100: Sensors - Electric Motor; | L100: =IFERROR(TRIM(INDEX(_xlfn.TEXTSPLIT(Table3[[#This Row],[Name]],"|"),1,2)),"") -> Hi
...

Sheet Template Centrifugal Compressor
A1: Parent | B1: Name | C1: Categories | D1: Categories 2
A2: Compressor Basic | B2: Delta Pressure - ESDVs at the Scrubber Scution Pipe | C2: Sensors - Scrubber; | D2: Sensors - Scrubber;
A3: Compressor Basic | B3: Delta Pressure - ESDVs at the Scrubber Scution Pipe|Pre-alarm | D3: Sensors - Scrubber;
A4: Compressor Basic | B4: Delta Pressure - Lube Oil Filter | C4: Sensors - Lube Oil System; | D4: Sensors - Lube Oil System;
A5: Compressor Basic | B5: Delta Pressure - Lube Oil Filter|Hi | D5: Sensors - Lube Oil System;
A6: Compressor Basic | B6: Delta Pressure - Lube Oil Filter|HiHi | D6: Sensors - Lube Oil System;
A7: Compressor Basic | B7: Delta Pressure - Lube Oil Filter|Pre-alarm Hi | D7: Sensors - Lube Oil System;
A8: Compressor Basic | B8: Delta Pressure - Lube Oil Reservoir Pressure to Atm | C8: Sensors - Lube Oil System; | D8: Sensors - Lube Oil System;
A9: Compressor Basic | B9: Delta Pressure - Lube Oil Reservoir Pressure to Atm|Hi | D9: Sensors - Lube Oil System;
A10: Compressor Basic | B10: Delta Pressure - Lube Oil Reservoir Pressure to Atm|Lo | D10: Sensors - Lube Oil System;
A11: Compressor Basic | B11: Level - Lube Oil Tank (1) | C11: Sensors - Lube Oil System; | D11: Sensors - Lube Oil System;
A12: Compressor Basic | B12: Level - Lube Oil Tank (1)|Hi | D12: Sensors - Lube Oil System;
A13: Compressor Basic | B13: Level - Lube Oil Tank (1)|HiHi | D13: Sensors - Lube Oil System;
A14: Compressor Basic | B14: Level - Lube Oil Tank (1)|Lo | D14: Sensors - Lube Oil System;
A15: Compressor Basic | B15: Level - Lube Oil Tank (1)|LoLo | D15: Sensors - Lube Oil System;
A16: Compressor Basic | B16: Level - Lube Oil Tank (1)|Pre-alarm Hi | D16: Sensors - Lube Oil System;
A17: Compressor Basic | B17: Level - Lube Oil Tank (1)|Pre-alarm Lo | D17: Sensors - Lube Oil System;
A18: Compressor Basic | B18: Level - Lube Oil Tank (2) | C18: Sensors - Lube Oil System; | D18: Sensors - Lube Oil System;
A19: Compressor Basic | B19: Level - Lube Oil Tank (2)|Hi | D19: Sensors - Lube Oil System;
A20: Compressor Basic | B20: Level - Lube Oil Tank (2)|HiHi | D20: Sensors - Lube Oil System;
A21: Compressor Basic | B21: Level - Lube Oil Tank (2)|Lo | D21: Sensors - Lube Oil System;
A22: Compressor Basic | B22: Level - Lube Oil Tank (2)|LoLo | D22: Sensors - Lube Oil System;
A23: Compressor Basic | B23: Level - Lube Oil Tank (2)|Pre-alarm Hi | D23: Sensors - Lube Oil System;
A24: Compressor Basic | B24: Level - Lube Oil Tank (2)|Pre-alarm Lo | D24: Sensors - Lube Oil System;
A25: Compressor Basic | B25: Level - Rundown Tank | C25: Sensors - Lube Oil System; | D25: Sensors - Lube Oil System;
A26: Compressor Basic | B26: Level - Rundown Tank|Hi | D26: Sensors - Lube Oil System;
A27: Compressor Basic | B27: Level - Rundown Tank|Lo | D27: Sensors - Lube Oil System;
A28: Compressor Basic | B28: Level - Rundown Tank|LoLo | D28: Sensors - Lube Oil System;
A29: Compressor Basic | B29: Level - Rundown Tank|Pre-alarm Lo | D29: Sensors - Lube Oil System;
A30: Compressor Basic | B30: Level - Scrubber | C30: Sensors - Scrubber; | D30: Sensors - Scrubber;
A31: Compressor Basic | B31: Level - Scrubber Control | C31: Sensors - Scrubber; | D31: Sensors - Scrubber;
A32: Compressor Basic | B32: Particle Count|Assay | D32: Sensors - Scrubber;
A33: Compressor Basic | B33: Particle Count|Hi | D33: Sensors - Scrubber;
A34: Compressor Basic | B34: Particle Count|Particle Count - String | D34: Sensors - Scrubber;
A35: Compressor Basic | B35: Particle Count|Particle Count - String|Replaced | D35: Sensors - Scrubber;
A36: Compressor Basic | B36: Particle Count|Replaced | D36: Sensors - Scrubber;
A37: Compressor Basic | B37: Particle Count|Type | D37: Sensors - Scrubber;
A38: Compressor Basic | B38: Pressure - Lube Oil Auxiliary Pump Discharge | C38: Sensors - Lube Oil System; | D38: Sensors - Lube Oil System;
A39: Compressor Basic | B39: Pressure - Lube Oil Auxiliary Pump Discharge|Hi | D39: Sensors - Lube Oil System;
A40: Compressor Basic | B40: Pressure - Lube Oil Auxiliary Pump Discharge|Lo | D40: Sensors - Lube Oil System;
A41: Compressor Basic | B41: Pressure - Lube Oil Auxiliary Pump Discharge|LoLo | D41: Sensors - Lube Oil System;
A42: Compressor Basic | B42: Pressure - Lube Oil Auxiliary Pump Discharge|Pre-alarm Hi | D42: Sensors - Lube Oil System;
A43: Compressor Basic | B43: Pressure - Lube Oil Auxiliary Pump Discharge|Pre-alarm Lo | D43: Sensors - Lube Oil System;
A44: Compressor Basic | B44: Pressure - Lube Oil Main Pump Discharge | C44: Sensors - Lube Oil System; | D44: Sensors - Lube Oil System;
A45: Compressor Basic | B45: Pressure - Lube Oil Main Pump Discharge|Hi | D45: Sensors - Lube Oil System;
A46: Compressor Basic | B46: Pressure - Lube Oil Main Pump Discharge|Lo | D46: Sensors - Lube Oil System;
A47: Compressor Basic | B47: Pressure - Lube Oil Main Pump Discharge|LoLo | D47: Sensors - Lube Oil System;
A48: Compressor Basic | B48: Pressure - Lube Oil Main Pump Discharge|Pre-alarm Hi | D48: Sensors - Lube Oil System;
A49: Compressor Basic | B49: Pressure - Lube Oil Main Pump Discharge|Pre-alarm Lo | D49: Sensors - Lube Oil System;
A50: Compressor Basic | B50: Pressure - Rundown Tank | C50: Sensors - Lube Oil System; | D50: Sensors - Lube Oil System;
A51: Compressor Basic | B51: Pressure - Rundown Tank|Hi | D51: Sensors - Lube Oil System;
A52: Compressor Basic | B52: Pressure - Discharge | C52: Sensors - Process Variables; | D52: Sensors - Process Variables;
A53: Compressor Basic | B53: Pressure - Discharge|Hi | D53: Sensors - Process Variables;
A54: Compressor Basic | B54: Pressure - Discharge|Lo | D54: Sensors - Process Variables;
A55: Compressor Basic | B55: Pressure - Discharge|Pre-alarm Lo | D55: Sensors - Process Variables;
A56: Compressor Basic | B56: Pressure - Discharge|Pressure - Suction Upstream Stage | D56: Sensors - Process Variables;
A57: Compressor Basic | B57: Pressure - Downstream Lube Oil Filter | C57: Sensors - Lube Oil System; | D57: Sensors - Lube Oil System;
A58: Compressor Basic | B58: Pressure - Downstream Lube Oil Filter|Hi | D58: Sensors - Lube Oil System;
A59: Compressor Basic | B59: Pressure - Downstream Lube Oil Filter|Lo | D59: Sensors - Lube Oil System;
A60: Compressor Basic | B60: Pressure - Downstream Lube Oil Filter|Pre-alarm Hi | D60: Sensors - Lube Oil System;
A61: Compressor Basic | B61: Pressure - Downstream Lube Oil Filter|Pre-alarm Lo | D61: Sensors - Lube Oil System;
A62: Compressor Basic | B62: Pressure - Lube Oil Bearings Header | C62: Sensors - Lube Oil System; | D62: Sensors - Lube Oil System;
A63: Compressor Basic | B63: Pressure - Lube Oil Bearings Header|Hi | D63: Sensors - Lube Oil System;
A64: Compressor Basic | B64: Pressure - Lube Oil Bearings Header|Lo | D64: Sensors - Lube Oil System;
A65: Compressor Basic | B65: Pressure - Lube Oil Bearings Header|LoLo | D65: Sensors - Lube Oil System;
A66: Compressor Basic | B66: Pressure - Lube Oil Bearings Header|Pre-alarm Hi | D66: Sensors - Lube Oil System;
A67: Compressor Basic | B67: Pressure - Lube Oil Bearings Header|Pre-alarm Lo | D67: Sensors - Lube Oil System;
A68: Compressor Basic | B68: Pressure - Lube Oil Bearings Header (2) | C68: Sensors - Lube Oil System; | D68: Sensors - Lube Oil System;
A69: Compressor Basic | B69: Pressure - Lube Oil Bearings Header (2)|Hi | D69: Sensors - Lube Oil System;
A70: Compressor Basic | B70: Pressure - Lube Oil Bearings Header (2)|Lo | D70: Sensors - Lube Oil System;
A71: Compressor Basic | B71: Pressure - Lube Oil Bearings Header (2)|LoLo | D71: Sensors - Lube Oil System;
A72: Compressor Basic | B72: Pressure - Lube Oil Bearings Header (2)|Pre-alarm Hi | D72: Sensors - Lube Oil System;
A73: Compressor Basic | B73: Pressure - Lube Oil Bearings Header (2)|Pre-alarm Lo | D73: Sensors - Lube Oil System;
A74: Compressor Basic | B74: Pressure - Lube Oil Bearings Header (3) | C74: Sensors - Lube Oil System; | D74: Sensors - Lube Oil System;
A75: Compressor Basic | B75: Pressure - Lube Oil Bearings Header (3)|Hi | D75: Sensors - Lube Oil System;
A76: Compressor Basic | B76: Pressure - Lube Oil Bearings Header (3)|Lo | D76: Sensors - Lube Oil System;
A77: Compressor Basic | B77: Pressure - Lube Oil Bearings Header (3)|LoLo | D77: Sensors - Lube Oil System;
A78: Compressor Basic | B78: Pressure - Lube Oil Bearings Header (3)|Pre-alarm Hi | D78: Sensors - Lube Oil System;
A79: Compressor Basic | B79: Pressure - Lube Oil Bearings Header (3)|Pre-alarm Lo | D79: Sensors - Lube Oil System;
A80: Compressor Basic | B80: Pressure - Lube Oil Pumps Discharge Header | C80: Sensors - Lube Oil System; | D80: Sensors - Lube Oil System;
A81: Compressor Basic | B81: Pressure - Lube Oil Pumps Discharge Header|Hi | D81: Sensors - Lube Oil System;
A82: Compressor Basic | B82: Pressure - Lube Oil Pumps Discharge Header|Lo | D82: Sensors - Lube Oil System;
A83: Compressor Basic | B83: Pressure - Lube Oil Pumps Discharge Header|Pre-alarm Hi | D83: Sensors - Lube Oil System;
A84: Compressor Basic | B84: Pressure - Lube Oil Pumps Discharge Header|Pre-alarm Lo | D84: Sensors - Lube Oil System;
A85: Compressor Basic | B85: Pressure - Scrubber | C85: Sensors - Scrubber; | D85: Sensors - Scrubber;
A86: Compressor Basic | B86: Pressure - Suction | C86: Sensors - Process Variables; | D86: Sensors - Process Variables;
A87: Compressor Basic | B87: Pressure - Suction|Hi | D87: Sensors - Process Variables;
A88: Compressor Basic | B88: Pressure - Suction|HiHi | D88: Sensors - Process Variables;
A89: Compressor Basic | B89: Pressure - Suction|Lo | D89: Sensors - Process Variables;
A90: Compressor Basic | B90: Pressure - Suction|LoLo | D90: Sensors - Process Variables;
A91: Compressor Basic | B91: Pressure - Suction|Pre-alarm Lo | D91: Sensors - Process Variables;
A92: Compressor Basic | B92: Pressure - Upstream Scrubber | C92: Sensors - Scrubber; | D92: Sensors - Scrubber;
A93: Compressor Basic | B93: Status - Lube Oil Auxiliary Pump | C93: Sensors - Lube Oil System; | D93: Sensors - Lube Oil System;
A94: Compressor Basic | B94: Status - Lube Oil Heater (1) | C94: Sensors - Lube Oil System; | D94: Sensors - Lube Oil System;
A95: Compressor Basic | B95: Status - Lube Oil Heater (2) | C95: Sensors - Lube Oil System; | D95: Sensors - Lube Oil System;
A96: Compressor Basic | B96: Status - Lube Oil Main Pump | C96: Sensors - Lube Oil System; | D96: Sensors - Lube Oil System;
A97: Compressor Basic | B97: Status - Vapor Extractor | C97: Sensors - Lube Oil System; | D97: Sensors - Lube Oil System;
A98: Compressor Basic | B98: Status - Vapor Extractor (2) | C98: Sensors - Lube Oil System; | D98: Sensors - Lube Oil System;
A99: Compressor Basic | B99: Temperature - Discharge | C99: Sensors - Process Variables; | D99: Sensors - Process Variables;
A100: Compressor Basic | B100: Temperature - Discharge|Hi | D100: Sensors - Process Variables;
...

Sheet Planta
A1: Template | B1: Equipamento | C1: attribute_name | D1: Value | E1: unit_of_measurement | F1: decimal_places | G1: Categories
A2: Plant - No Card KPIs | B2: Plataforma Polvo A | C2: Plataforma Polvo A | D2: Plataforma Polvo A | E2: % | F2: 2 | G2: Plataforma Polvo A

Sheet OnOff
A1: Asset | B1: Attribute | C1: Value | D1: Observações
A2: FORTE-C-UC-123101A-01 (LP/IP Compressor Trem A) | B2: Keyphasor - Compressor | C2: 6000
A3: FORTE-C-UC-123101A-02 (HP Compressor Trem A) | B3: Keyphasor - Compressor | C3: 6000
A4: FORTE-M-UC-123101A (LP/IP/HP Motor Trem A) | B4: Keyphasor - Motor | C4: 500
A5: FORTE-VV-C-UC-123101A (LP/IP/HP Gearbox Trem A) | B5: Keyphasor - Motor | C5: 500 | D5: Está sem dados no Lighthouse, mas a mesma tag tem dados no motor.
A6: FORTE-C-UC-123101B-01 (LP/IP Compressor Trem B) | B6: Keyphasor - Compressor | C6: 6000
A7: FORTE-C-UC-123101B-02 (HP Compressor Trem B) | B7: Keyphasor - Compressor | C7: 6000
A8: FORTE-M-UC-123101B (LP/IP/HP Motor Trem B) | B8: Keyphasor - Motor | C8: 500
A9: FORTE-VV-C-UC-123101B (LP/IP/HP Gearbox Trem B) | B9: Keyphasor - Motor | C9: 500
A10: FORTE-C-UC-123101C-01 (LP/IP Compressor Trem C) | B10: Keyphasor - Compressor | C10: 6000
A11: FORTE-C-UC-123101C-02 (HP Compressor Trem C) | B11: Keyphasor - Compressor | C11: 6000
A12: FORTE-M-UC-123101C (LP/IP/HP Motor Trem C) | B12: Keyphasor - Motor | C12: 500
A13: FORTE-VV-C-UC-123101C (LP/IP/HP Gearbox Trem C) | B13: Keyphasor - Motor | C13: 500
A14: FORTE-DGS-123101A (Compressor Alternativo) | B14: Pressão - Descarga Compressor | C14: 1500
A15: FORTE-DGS-123101B (Compressor Alternativo) | B15: Pressão - Descarga Compressor | C15: 1500
A16: FORTE-DGS-123101C (Compressor Alternativo) | B16: Pressão - Descarga Compressor | C16: 1500
A17: FORTE-UC-1225 (Booster Compressor) | B17: Corrente - Motor | C17: 10
... A32: BRAVO-CM-2910 (Motor Compressor Alternativo) | B32: Rotação - Motor | C32: 100

Sheet FRADE Dicionário LP_IP_HP Comp
A1: concat | B1: Vessel | C1: Template | D1: Área | E1: Sistema | F1: Equipamento | G1: Description | H1: item_path | I1: attribute_name EN | J1: attribute_name EN2 | K1: Column1 | L1: Column2 | M1: attribute_name EN32 | N1: attribute_name PT (rascunho) | O1: attribute_name | P1: Column3 | Q1: Value | R1: unit_of_measurement | S1: decimal_places | T1: Categories EN | U1: Categories | V1: type | W1: parent_attribute | X1: child_attribute | Y1: has_parent_attribute
A2: =Table326[[#This Row],[Template]]&Table326[[#This Row],[parent_attribute]] -> Compressor Centrífugo BásicoCorrente | B2: FPSO Frade | C2: Compressor Centrífugo Básico | D2: FRADE-Sistema de Compressão de Gás | E2: FRADE-Compressão de Gás (LP/IP) | F2: FRADE-CAE-1340/1345 (LP/IP Compressor Trem 1) | I2: Current | J2: Current | K2: =VLOOKUP(Table326[[#This Row],[attribute_name EN2]],'Tradução Atributos'!$A$1:$B$67,2,0) -> Corrente | N2: Corrente | O2: Corrente | P2: =_xlfn.CONCAT(Table326[[#This Row],[Equipamento]],Table326[[#This Row],[attribute_name]]) -> FRADE-CAE-1340/1345 (LP/IP Compressor Trem 1)Corrente | Q2: FRTS-JX-1184 | R2: A | S2: 1 | T2: Sensors - Electric Motor; | U2: Sensores - Motor Elétrico | V2: =IFERROR(IF(FIND("|",N2),"subattribute", "attribute"), "attribute") -> attribute | W2: =TRIM(INDEX(_xlfn.TEXTSPLIT(Table326[[#This Row],[attribute_name PT (rascunho)]],"|"), 1,1)) -> Corrente | X2: =IFERROR(TRIM(INDEX(_xlfn.TEXTSPLIT(Table326[[#This Row],[attribute_name]],"|"), 1,2)), "") | Y2: {=IF(ISERROR(IF(Table326[[#This Row],[type]]="subattribute", VLOOKUP(Table326[[#This Row],[Template]]&Table326[[#This Row],[parent_attribute]],_xlfn._xlws.FILTER(Table326[[#All],[concat]], Table326[[#All],[type]]="attribute"),1, FALSE), TRUE)), FALSE, TRUE)} -> TRUE
A3: =Table326[[#This Row],[Template]]&Table326[[#This Row],[parent_attribute]] -> Compressor Centrífugo BásicoDelta de Pressão - Filtro de Sucção | B3: FPSO Frade | C3: Compressor Centrífugo Básico | D3: FRADE-Sistema de Compressão de Gás | E3: FRADE-Compressão de Gás (LP/IP) | F3: FRADE-CAE-1340/1345 (LP/IP Compressor Trem 1) | I3: Delta Pressure - LP Suction Filter | N3: Delta de Pressão - Filtro de Sucção | O3: Delta de Pressão - Filtro de Sucção | P3: =_xlfn.CONCAT(Table326[[#This Row],[Equipamento]],Table326[[#This Row],[attribute_name]]) -> FRADE-CAE-1340/1345 (LP/IP Compressor Trem 1)Delta de Pressão - Filtro de Sucção | Q3: FRTS-071-PDI-1008 | R3: kPa | S3: 1 | T3: Sensors - Process Variables; | U3: Sensores - Variáveis de Processo | V3: =IFERROR(IF(FIND("|",N3),"subattribute", "attribute"), "attribute") -> attribute | W3: =TRIM(INDEX(_xlfn.TEXTSPLIT(Table326[[#This Row],[attribute_name PT (rascunho)]],"|"), 1,1)) -> Delta de Pressão - Filtro de Sucção | X3: =IFERROR(TRIM(INDEX(_xlfn.TEXTSPLIT(Table326[[#This Row],[attribute_name]],"|"), 1,2)), "") | Y3: {=IF(ISERROR(IF(Table326[[#This Row],[type]]="subattribute", VLOOKUP(Table326[[#This Row],[Template]]&Table326[[#This Row],[parent_attribute]],_xlfn._xlws.FILTER(Table326[[#All],[concat]], Table326[[#All],[type]]="attribute"),1, FALSE), TRUE)), FALSE, TRUE)} -> TRUE
A4: =Table326[[#This Row],[Template]]&Table326[[#This Row],[parent_attribute]] -> Compressor Centrífugo BásicoDelta de Pressão - Filtro de Sucção (2) | B4: FPSO Frade | C4: Compressor Centrífugo Básico | D4: FRADE-Sistema de Compressão de Gás | E4: FRADE-Compressão de Gás (LP/IP) | F4: FRADE-CAE-1340/1345 (LP/IP Compressor Trem 1) | I4: Delta Pressure - (2) Suction Filter | N4: Delta de Pressão - Filtro de Sucção (2) | O4: Delta de Pressão - Filtro de Sucção (2) | P4: =_xlfn.CONCAT(Table326[[#This Row],[Equipamento]],Table326[[#This Row],[attribute_name]]) -> FRADE-CAE-1340/1345 (LP/IP Compressor Trem 1)Delta de Pressão - Filtro de Sucção (2) | Q4: FRTS-071-PDI-1013 | R4: kPa | S4: 1 | T4: Sensors - Process Variables; | U4: Sensores - Variáveis de Processo | V4: =IFERROR(IF(FIND("|",N4),"subattribute", "attribute"), "attribute") -> attribute | W4: =TRIM(INDEX(_xlfn.TEXTSPLIT(Table326[[#This Row],[attribute_name PT (rascunho)]],"|"), 1,1)) -> Delta de Pressão - Filtro de Sucção (2) | X4: =IFERROR(TRIM(INDEX(_xlfn.TEXTSPLIT(Table326[[#This Row],[attribute_name]],"|"), 1,2)), "") | Y4: {=IF(ISERROR(IF(Table326[[#This Row],[type]]="subattribute", VLOOKUP(Table326[[#This Row],[Template]]&Table326[[#This Row],[parent_attribute]],_xlfn._xlws.FILTER(Table326[[#All],[concat]], Table326[[#All],[type]]="attribute"),1, FALSE), TRUE)), FALSE, TRUE)} -> TRUE
A5: =Table326[[#This Row],[Template]]&Table326[[#This Row],[parent_attribute]] -> Compressor Centrífugo BásicoDelta de Pressão - Filtro de Sucção (2) | B5: FPSO Frade | C5: Compressor Centrífugo Básico | D5: FRADE-Sistema de Compressão de Gás | E5: FRADE-Compressão de Gás (LP/IP) | F5: FRADE-CAE-1340/1345 (LP/IP Compressor Trem 1) | I5: Delta Pressure - (2) Suction Filter|Hi | N5: Delta de Pressão - Filtro de Sucção (2)|Hi | O5: Delta de Pressão - Filtro de Sucção (2)|Hi | P5: =_xlfn.CONCAT(Table326[[#This Row],[Equipamento]],Table326[[#This Row],[attribute_name]]) -> FRADE-CAE-1340/1345 (LP/IP Compressor Trem 1)Delta de Pressão - Filtro de Sucção (2)|Hi | Q5: 40 | R5: kPa | S5: 1 | T5: Sensors - Process Variables; | U5: Sensores - Variáveis de Processo | V5: =IFERROR(IF(FIND("|",N5),"subattribute", "attribute"), "attribute") -> subattribute | W5: =TRIM(INDEX(_xlfn.TEXTSPLIT(Table326[[#This Row],[attribute_name PT (rascunho)]],"|"), 1,1)) -> Delta de Pressão - Filtro de Sucção (2) | X5: =IFERROR(TRIM(INDEX(_xlfn.TEXTSPLIT(Table326[[#This Row],[attribute_name]],"|"), 1,2)), "") -> Hi | Y5: {=IF(ISERROR(IF(Table326[[#This Row],[type]]="subattribute", VLOOKUP(Table326[[#This Row],[Template]]&Table326[[#This Row],[parent_attribute]],_xlfn._xlws.FILTER(Table326[[#All],[concat]], Table326[[#All],[type]]="attribute"),1, FALSE), TRUE)), FALSE, TRUE)} -> TRUE
A6: =Table326[[#This Row],[Template]]&Table326[[#This Row],[parent_attribute]] -> Compressor Centrífugo BásicoDelta de Pressão - Filtro de Sucção (2) | B6: FPSO Frade | C6: Compressor Centrífugo Básico | D6: FRADE-Sistema de Compressão de Gás | E6: FRADE-Compressão de Gás (LP/IP) | F6: FRADE-CAE-1340/1345 (LP/IP Compressor Trem 1) | I6: Delta Pressure - (2) Suction Filter|HiHi | N6: Delta de Pressão - Filtro de Sucção (2)|HiHi | O6: Delta de Pressão - Filtro de Sucção (2)|HiHi | P6: =_xlfn.CONCAT(Table326[[#This Row],[Equipamento]],Table326[[#This Row],[attribute_name]]) -> FRADE-CAE-1340/1345 (LP/IP Compressor Trem 1)Delta de Pressão - Filtro de Sucção (2)|HiHi | R6: kPa | S6: 1 | T6: Sensors - Process Variables; | U6: Sensores - Variáveis de Processo | V6: =IFERROR(IF(FIND("|",N6),"subattribute", "attribute"), "attribute") -> subattribute | W6: =TRIM(INDEX(_xlfn.TEXTSPLIT(Table326[[#This Row],[attribute_name PT (rascunho)]],"|"), 1,1)) -> Delta de Pressão - Filtro de Sucção (2) | X6: =IFERROR(TRIM(INDEX(_xlfn.TEXTSPLIT(Table326[[#This Row],[attribute_name]],"|"), 1,2)), "") -> HiHi | Y6: {=IF(ISERROR(IF(Table326[[#This Row],[type]]="subattribute", VLOOKUP(Table326[[#This Row],[Template]]&Table326[[#This Row],[parent_attribute]],_xlfn._xlws.FILTER(Table326[[#All],[concat]], Table326[[#All],[type]]="attribute"),1, FALSE), TRUE)), FALSE, TRUE)} -> TRUE
A7: =Table326[[#This Row],[Template]]&Table326[[#This Row],[parent_attribute]] -> Compressor Centrífugo BásicoDelta de Pressão - Filtro de Sucção (2) | B7: FPSO Frade | C7: Compressor Centrífugo Básico | D7: FRADE-Sistema de Compressão de Gás | E7: FRADE-Compressão de Gás (LP/IP) | F7: FRADE-CAE-1340/1345 (LP/IP Compressor Trem 1) | I7: Delta Pressure - (2) Suction Filter|Pre-alarm Hi | N7: Delta de Pressão - Filtro de Sucção (2)|Pré-alarme Hi | O7: Delta de Pressão - Filtro de Sucção (2)|Pre-alarm Hi | P7: =_xlfn.CONCAT(Table326[[#This Row],[Equipamento]],Table326[[#This Row],[attribute_name]]) -> FRADE-CAE-1340/1345 (LP/IP Compressor Trem 1)Delta de Pressão - Filtro de Sucção (2)|Pre-alarm Hi | Q7: 36 | R7: kPa | S7: 1 | T7: Sensors - Process Variables; | U7: Sensores - Variáveis de Processo | V7: =IFERROR(IF(FIND("|",N7),"subattribute", "attribute"), "attribute") -> subattribute | W7: =TRIM(INDEX(_xlfn.TEXTSPLIT(Table326[[#This Row],[attribute_name PT (rascunho)]],"|"), 1,1)) -> Delta de Pressão - Filtro de Sucção (2) | X7: =IFERROR(TRIM(INDEX(_xlfn.TEXTSPLIT(Table326[[#This Row],[attribute_name]],"|"), 1,2)), "") -> Pre-alarm Hi | Y7: {=IF(ISERROR(IF(Table326[[#This Row],[type]]="subattribute", VLOOKUP(Table326[[#This Row],[Template]]&Table326[[#This Row],[parent_attribute]],_xlfn._xlws.FILTER(Table326[[#All],[concat]], Table326[[#All],[type]]="attribute"),1, FALSE), TRUE)), FALSE, TRUE)} -> TRUE
A8: =Table326[[#This Row],[Template]]&Table326[[#This Row],[parent_attribute]] -> Compressor Centrífugo BásicoDelta de Pressão - Filtro de Sucção | B8: FPSO Frade | C8: Compressor Centrífugo Básico | D8: FRADE-Sistema de Compressão de Gás | E8: FRADE-Compressão de Gás (LP/IP) | F8: FRADE-CAE-1340/1345 (LP/IP Compressor Trem 1) | I8: Delta Pressure - LP Suction Filter|Hi | N8: Delta de Pressão - Filtro de Sucção |Hi | O8: Delta de Pressão - Filtro de Sucção |Hi | P8: =_xlfn.CONCAT(Table326[[#This Row],[Equipamento]],Table326[[#This Row],[attribute_name]]) -> FRADE-CAE-1340/1345 (LP/IP Compressor Trem 1)Delta de Pressão - Filtro de Sucção |Hi | Q8: 40 | R8: kPa | S8: 1 | T8: Sensors - Process Variables; | U8: Sensores - Variáveis de Processo | V8: =IFERROR(IF(FIND("|",N8),"subattribute", "attribute"), "attribute") -> subattribute | W8: =TRIM(INDEX(_xlfn.TEXTSPLIT(Table326[[#This Row],[attribute_name PT (rascunho)]],"|"), 1,1)) -> Delta de Pressão - Filtro de Sucção | X8: =IFERROR(TRIM(INDEX(_xlfn.TEXTSPLIT(Table326[[#This Row],[attribute_name]],"|"), 1,2)), "") -> Hi | Y8: {=IF(ISERROR(IF(Table326[[#This Row],[type]]="subattribute", VLOOKUP(Table326[[#This Row],[Template]]&Table326[[#This Row],[parent_attribute]],_xlfn._xlws.FILTER(Table326[[#All],[concat]], Table326[[#All],[type]]="attribute"),1, FALSE), TRUE)), FALSE, TRUE)} -> TRUE
A9: =Table326[[#This Row],[Template]]&Table326[[#This Row],[parent_attribute]] -> Compressor Centrífugo BásicoDelta de Pressão - Filtro de Sucção | B9: FPSO Frade | C9: Compressor Centrífugo Básico | D9: FRADE-Sistema de Compressão de Gás | E9: FRADE-Compressão de Gás (LP/IP) | F9: FRADE-CAE-1340/1345 (LP/IP Compressor Trem 1) | I9: Delta Pressure - LP Suction Filter|HiHi | N9: Delta de Pressão - Filtro de Sucção |HiHi | O9: Delta de Pressão - Filtro de Sucção |HiHi | P9: =_xlfn.CONCAT(Table326[[#This Row],[Equipamento]],Table326[[#This Row],[attribute_name]]) -> FRADE-CAE-1340/1345 (LP/IP Compressor Trem 1)Delta de Pressão - Filtro de Sucção |HiHi | R9: kPa | S9: 1 | T9: Sensors - Process Variables; | U9: Sensores - Variáveis de Processo | V9: =IFERROR(IF(FIND("|",N9),"subattribute", "attribute"), "attribute") -> subattribute | W9: =TRIM(INDEX(_xlfn.TEXTSPLIT(Table326[[#This Row],[attribute_name PT (rascunho)]],"|"), 1,1)) -> Delta de Pressão - Filtro de Sucção | X9: =IFERROR(TRIM(INDEX(_xlfn.TEXTSPLIT(Table326[[#This Row],[attribute_name]],"|"), 1,2)), "") -> HiHi | Y9: {=IF(ISERROR(IF(Table326[[#This Row],[type]]="subattribute", VLOOKUP(Table326[[#This Row],[Template]]&Table326[[#This Row],[parent_attribute]],_xlfn._xlws.FILTER(Table326[[#All],[concat]], Table326[[#All],[type]]="attribute"),1, FALSE), TRUE)), FALSE, TRUE)} -> TRUE
A10: =Table326[[#This Row],[Template]]&Table326[[#This Row],[parent_attribute]] -> Compressor Centrífugo BásicoDelta de Pressão - Filtro de Sucção | B10: FPSO Frade | C10: Compressor Centrífugo Básico | D10: FRADE-Sistema de Compressão de Gás | E10: FRADE-Compressão de Gás (LP/IP) | F10: FRADE-CAE-1340/1345 (LP/IP Compressor Trem 1) | I10: Delta Pressure - LP Suction Filter|Pre-alarm Hi | N10: Delta de Pressão - Filtro de Sucção |Pré-alarme Hi | O10: Delta de Pressão - Filtro de Sucção |Pre-alarm Hi | P10: =_xlfn.CONCAT(Table326[[#This Row],[Equipamento]],Table326[[#This Row],[attribute_name]]) -> FRADE-CAE-1340/1345 (LP/IP Compressor Trem 1)Delta de Pressão - Filtro de Sucção |Pre-alarm Hi | Q10: 36 | R10: kPa | S10: 1 | T10: Sensors - Process Variables; | U10: Sensores - Variáveis de Processo | V10: =IFERROR(IF(FIND("|",N10),"subattribute", "attribute"), "attribute") -> subattribute | W10: =TRIM(INDEX(_xlfn.TEXTSPLIT(Table326[[#This Row],[attribute_name PT (rascunho)]],"|"), 1,1)) -> Delta de Pressão - Filtro de Sucção | X10: =IFERROR(TRIM(INDEX(_xlfn.TEXTSPLIT(Table326[[#This Row],[attribute_name]],"|"), 1,2)), "") -> Pre-alarm Hi | Y10: {=IF(ISERROR(IF(Table326[[#This Row],[type]]="subattribute", VLOOKUP(Table326[[#This Row],[Template]]&Table326[[#This Row],[parent_attribute]],_xlfn._xlws.FILTER(Table326[[#All],[concat]], Table326[[#All],[type]]="attribute"),1, FALSE), TRUE)), FALSE, TRUE)} -> TRUE
A11: =Table326[[#This Row],[Template]]&Table326[[#This Row],[parent_attribute]] -> Compressor Centrífugo BásicoDeslocamento Axial - Caixa de Engrenagens (1) | B11: FPSO Frade | C11: Compressor Centrífugo Básico | D11: FRADE-Sistema de Compressão de Gás | E11: FRADE-Compressão de Gás (LP/IP) | F11: FRADE-CAE-1340/1345 (LP/IP Compressor Trem 1) | I11: Axial Displacement - Gear Box (1) | J11: Axial Displacement - Gear Box (1) | K11: =VLOOKUP(Table326[[#This Row],[attribute_name EN2]],'Tradução Atributos'!$A$1:$B$67,2,0) -> Deslocamento Axial - Caixa de Engrenagens (1) | N11: Deslocamento Axial - Caixa de Engrenagens (1) | O11: Deslocamento Axial - Caixa de Engrenagens (1) | P11: =_xlfn.CONCAT(Table326[[#This Row],[Equipamento]],Table326[[#This Row],[attribute_name]]) -> FRADE-CAE-1340/1345 (LP/IP Compressor Trem 1)Deslocamento Axial - Caixa de Engrenagens (1) | Q11: FRTS-ZT-1128A | R11: mm | S11: 1 | T11: Sensors - Gearbox; | U11: Sensores - Caixa de Engrenagens | V11: =IFERROR(IF(FIND("|",N11),"subattribute", "attribute"), "attribute") -> attribute | W11: =TRIM(INDEX(_xlfn.TEXTSPLIT(Table326[[#This Row],[attribute_name PT (rascunho)]],"|"), 1,1)) -> Deslocamento Axial - Caixa de Engrenagens (1) | X11: =IFERROR(TRIM(INDEX(_xlfn.TEXTSPLIT(Table326[[#This Row],[attribute_name]],"|"), 1,2)), "") | Y11: {=IF(ISERROR(IF(Table326[[#This Row],[type]]="subattribute", VLOOKUP(Table326[[#This Row],[Template]]&Table326[[#This Row],[parent_attribute]],_xlfn._xlws.FILTER(Table326[[#All],[concat]], Table326[[#All],[type]]="attribute"),1, FALSE), TRUE)), FALSE, TRUE)} -> TRUE
A12: =Table326[[#This Row],[Template]]&Table326[[#This Row],[parent_attribute]] -> Compressor Centrífugo BásicoDeslocamento Axial - Caixa de Engrenagens (1) | B12: FPSO Frade | C12: Compressor Centrífugo Básico | D12: FRADE-Sistema de Compressão de Gás | E12: FRADE-Compressão de Gás (LP/IP) | F12: FRADE-CAE-1340/1345 (LP/IP Compressor Trem 1) | I12: Axial Displacement - Gear Box (1)|Hi | J12: Axial Displacement - Gear Box (1) | K12: =VLOOKUP(Table326[[#This Row],[attribute_name EN2]],'Tradução Atributos'!$A$1:$B$67,2,0) -> Deslocamento Axial - Caixa de Engrenagens (1) | L12: | | M12: Hi | N12: Deslocamento Axial - Caixa de Engrenagens (1)|Hi | O12: Deslocamento Axial - Caixa de Engrenagens (1)|Hi | P12: =_xlfn.CONCAT(Table326[[#This Row],[Equipamento]],Table326[[#This Row],[attribute_name]]) -> FRADE-CAE-1340/1345 (LP/IP Compressor Trem 1)Deslocamento Axial - Caixa de Engrenagens (1)|Hi | Q12: 0.6 | R12: mm | S12: 1 | V12: =IFERROR(IF(FIND("|",N12),"subattribute", "attribute"), "attribute") -> subattribute | W12: =TRIM(INDEX(_xlfn.TEXTSPLIT(Table326[[#This Row],[attribute_name PT (rascunho)]],"|"), 1,1)) -> Deslocamento Axial - Caixa de Engrenagens (1) | X12: =IFERROR(TRIM(INDEX(_xlfn.TEXTSPLIT(Table326[[#This Row],[attribute_name]],"|"), 1,2)), "") -> Hi | Y12: {=IF(ISERROR(IF(Table326[[#This Row],[type]]="subattribute", VLOOKUP(Table326[[#This Row],[Template]]&Table326[[#This Row],[parent_attribute]],_xlfn._xlws.FILTER(Table326[[#All],[concat]], Table326[[#All],[type]]="attribute"),1, FALSE), TRUE)), FALSE, TRUE)} -> TRUE
A13: =Table326[[#This Row],[Template]]&Table326[[#This Row],[parent_attribute]] -> Compressor Centrífugo BásicoDeslocamento Axial - Caixa de Engrenagens (1) | B13: FPSO Frade | C13: Compressor Centrífugo Básico | D13: FRADE-Sistema de Compressão de Gás | E13: FRADE-Compressão de Gás (LP/IP) | F13: FRADE-CAE-1340/1345 (LP/IP Compressor Trem 1) | I13: Axial Displacement - Gear Box (1)|HiHi | J13: Axial Displacement - Gear Box (1) | K13: =VLOOKUP(Table326[[#This Row],[attribute_name EN2]],'Tradução Atributos'!$A$1:$B$67,2,0) -> Deslocamento Axial - Caixa de Engrenagens (1) | L13: | | M13: HiHi | N13: Deslocamento Axial - Caixa de Engrenagens (1)|HiHi | O13: Deslocamento Axial - Caixa de Engrenagens (1)|HiHi | P13: =_xlfn.CONCAT(Table326[[#This Row],[Equipamento]],Table326[[#This Row],[attribute_name]]) -> FRADE-CAE-1340/1345 (LP/IP Compressor Trem 1)Deslocamento Axial - Caixa de Engrenagens (1)|HiHi | Q13: 0.7 | R13: mm | S13: 1 | V13: =IFERROR(IF(FIND("|",N13),"subattribute", "attribute"), "attribute") -> subattribute | W13: =TRIM(INDEX(_xlfn.TEXTSPLIT(Table326[[#This Row],[attribute_name PT (rascunho)]],"|"), 1,1)) -> Deslocamento Axial - Caixa de Engrenagens (1) | X13: =IFERROR(TRIM(INDEX(_xlfn.TEXTSPLIT(Table326[[#This Row],[attribute_name]],"|"), 1,2)), "") -> HiHi | Y13: {=IF(ISERROR(IF(Table326[[#This Row],[type]]="subattribute", VLOOKUP(Table326[[#This Row],[Template]]&Table326[[#This Row],[parent_attribute]],_xlfn._xlws.FILTER(Table326[[#All],[concat]], Table326[[#All],[type]]="attribute"),1, FALSE), TRUE)), FALSE, TRUE)} -> TRUE
A14: =Table326[[#This Row],[Template]]&Table326[[#This Row],[parent_attribute]] -> Compressor Centrífugo BásicoDeslocamento Axial - Caixa de Engrenagens (1) | B14: FPSO Frade | C14: Compressor Centrífugo Básico | D14: FRADE-Sistema de Compressão de Gás | E14: FRADE-Compressão de Gás (LP/IP) | F14: FRADE-CAE-1340/1345 (LP/IP Compressor Trem 1) | I14: Axial Displacement - Gear Box (1)|Lo | J14: Axial Displacement - Gear Box (1) | K14: =VLOOKUP(Table326[[#This Row],[attribute_name EN2]],'Tradução Atributos'!$A$1:$B$67,2,0) -> Deslocamento Axial - Caixa de Engrenagens (1) | L14: | | M14: Lo | N14: Deslocamento Axial - Caixa de Engrenagens (1)|Lo | O14: Deslocamento Axial - Caixa de Engrenagens (1)|Lo | P14: =_xlfn.CONCAT(Table326[[#This Row],[Equipamento]],Table326[[#This Row],[attribute_name]]) -> FRADE-CAE-1340/1345 (LP/IP Compressor Trem 1)Deslocamento Axial - Caixa de Engrenagens (1)|Lo | Q14: -0.6 | R14: mm | S14: 1 | V14: =IFERROR(IF(FIND("|",N14),"subattribute", "attribute"), "attribute") -> subattribute | W14: =TRIM(INDEX(_xlfn.TEXTSPLIT(Table326[[#This Row],[attribute_name PT (rascunho)]],"|"), 1,1)) -> Deslocamento Axial - Caixa de Engrenagens (1) | X14: =IFERROR(TRIM(INDEX(_xlfn.TEXTSPLIT(Table326[[#This Row],[attribute_name]],"|"), 1,2)), "") -> Lo | Y14: {=IF(ISERROR(IF(Table326[[#This Row],[type]]="subattribute", VLOOKUP(Table326[[#This Row],[Template]]&Table326[[#This Row],[parent_attribute]],_xlfn._xlws.FILTER(Table326[[#All],[concat]], Table326[[#All],[type]]="attribute"),1, FALSE), TRUE)), FALSE, TRUE)} -> TRUE
A15: =Table326[[#This Row],[Template]]&Table326[[#This Row],[parent_attribute]] -> Compressor Centrífugo BásicoDeslocamento Axial - Caixa de Engrenagens (1) | B15: FPSO Frade | C15: Compressor Centrífugo Básico | D15: FRADE-Sistema de Compressão de Gás | E15: FRADE-Compressão de Gás (LP/IP) | F15: FRADE-CAE-1340/1345 (LP/IP Compressor Trem 1) | I15: Axial Displacement - Gear Box (1)|LoLo | J15: Axial Displacement - Gear Box (1) | K15: =VLOOKUP(Table326[[#This Row],[attribute_name EN2]],'Tradução Atributos'!$A$1:$B$67,2,0) -> Deslocamento Axial - Caixa de Engrenagens (1) | L15: | | M15: LoLo | N15: Deslocamento Axial - Caixa de Engrenagens (1)|LoLo | O15: Deslocamento Axial - Caixa de Engrenagens (1)|LoLo | P15: =_xlfn.CONCAT(Table326[[#This Row],[Equipamento]],Table326[[#This Row],[attribute_name]]) -> FRADE-CAE-1340/1345 (LP/IP Compressor Trem 1)Deslocamento Axial - Caixa de Engrenagens (1)|LoLo | Q15: -0.7 | R15: mm | S15: 1 | V15: =IFERROR(IF(FIND("|",N15),"subattribute", "attribute"), "attribute") -> subattribute | W15: =TRIM(INDEX(_xlfn.TEXTSPLIT(Table326[[#This Row],[attribute_name PT (rascunho)]],"|"), 1,1)) -> Deslocamento Axial - Caixa de Engrenagens (1) | X15: =IFERROR(TRIM(INDEX(_xlfn.TEXTSPLIT(Table326[[#This Row],[attribute_name]],"|"), 1,2)), "") -> LoLo | Y15: {=IF(ISERROR(IF(Table326[[#This Row],[type]]="subattribute", VLOOKUP(Table326[[#This Row],[Template]]&Table326[[#This Row],[parent_attribute]],_xlfn._xlws.FILTER(Table326[[#All],[concat]], Table326[[#All],[type]]="attribute"),1, FALSE), TRUE)), FALSE, TRUE)} -> TRUE
A16: =Table326[[#This Row],[Template]]&Table326[[#This Row],[parent_attribute]] -> Compressor Centrífugo BásicoDeslocamento Axial - Caixa de Engrenagens (1) | B16: FPSO Frade | C16: Compressor Centrífugo Básico | D16: FRADE-Sistema de Compressão de Gás | E16: FRADE-Compressão de Gás (LP/IP) | F16: FRADE-CAE-1340/1345 (LP/IP Compressor Trem 1) | I16: Axial Displacement - Gear Box (1)|Pre-alarm Hi | J16: Axial Displacement - Gear Box (1) | K16: =VLOOKUP(Table326[[#This Row],[attribute_name EN2]],'Tradução Atributos'!$A$1:$B$67,2,0) -> Deslocamento Axial - Caixa de Engrenagens (1) | L16: | | M16: Pré-alarme Hi | N16: Deslocamento Axial - Caixa de Engrenagens (1)|Pré-alarme Hi | O16: Deslocamento Axial - Caixa de Engrenagens (1)|Pre-alarm Hi | P16: =_xlfn.CONCAT(Table326[[#This Row],[Equipamento]],Table326[[#This Row],[attribute_name]]) -> FRADE-CAE-1340/1345 (LP/IP Compressor Trem 1)Deslocamento Axial - Caixa de Engrenagens (1)|Pre-alarm Hi | Q16: 0.54 | R16: mm | S16: 1 | V16: =IFERROR(IF(FIND("|",N16),"subattribute", "attribute"), "attribute") -> subattribute | W16: =TRIM(INDEX(_xlfn.TEXTSPLIT(Table326[[#This Row],[attribute_name PT (rascunho)]],"|"), 1,1)) -> Deslocamento Axial - Caixa de Engrenagens (1) | X16: =IFERROR(TRIM(INDEX(_xlfn.TEXTSPLIT(Table326[[#This Row],[attribute_name]],"|"), 1,2)), "") -> Pre-alarm Hi | Y16: {=IF(ISERROR(IF(Table326[[#This Row],[type]]="subattribute", VLOOKUP(Table326[[#This Row],[Template]]&Table326[[#This Row],[parent_attribute]],_xlfn._xlws.FILTER(Table326[[#All],[concat]], Table326[[#All],[type]]="attribute"),1, FALSE), TRUE)), FALSE, TRUE)} -> TRUE
A17: =Table326[[#This Row],[Template]]&Table326[[#This Row],[parent_attribute]] -> Compressor Centrífugo BásicoDeslocamento Axial - Caixa de Engrenagens (1) | B17: FPSO Frade | C17: Compressor Centrífugo Básico | D17: FRADE-Sistema de Compressão de Gás | E17: FRADE-Compressão de Gás (LP/IP) | F17: FRADE-CAE-1340/1345 (LP/IP Compressor Trem 1) | I17: Axial Displacement - Gear Box (1)|Pre-alarm Lo | J17: Axial Displacement - Gear Box (1) | K17: =VLOOKUP(Table326[[#This Row],[attribute_name EN2]],'Tradução Atributos'!$A$1:$B$67,2,0) -> Deslocamento Axial - Caixa de Engrenagens (1) | L17: | | M17: Pré-alarme Lo | N17: Deslocamento Axial - Caixa de Engrenagens (1)|Pré-alarme Lo | O17: Deslocamento Axial - Caixa de Engrenagens (1)|Pre-alarm Lo | P17: =_xlfn.CONCAT(Table326[[#This Row],[Equipamento]],Table326[[#This Row],[attribute_name]]) -> FRADE-CAE-1340/1345 (LP/IP Compressor Trem 1)Deslocamento Axial - Caixa de Engrenagens (1)|Pre-alarm Lo | Q17: -0.54 | R17: mm | S17: 1 | V17: =IFERROR(IF(FIND("|",N17),"subattribute", "attribute"), "attribute") -> subattribute | W17: =TRIM(INDEX(_xlfn.TEXTSPLIT(Table326[[#This Row],[attribute_name PT (rascunho)]],"|"), 1,1)) -> Deslocamento Axial - Caixa de Engrenagens (1) | X17: =IFERROR(TRIM(INDEX(_xlfn.TEXTSPLIT(Table326[[#This Row],[attribute_name]],"|"), 1,2)), "") -> Pre-alarm Lo | Y17: {=IF(ISERROR(IF(Table326[[#This Row],[type]]="subattribute", VLOOKUP(Table326[[#This Row],[Template]]&Table326[[#This Row],[parent_attribute]],_xlfn._xlws.FILTER(Table326[[#All],[concat]], Table326[[#All],[type]]="attribute"),1, FALSE), TRUE)), FALSE, TRUE)} -> TRUE
A18: =Table326[[#This Row],[Template]]&Table326[[#This Row],[parent_attribute]] -> Compressor Centrífugo BásicoDeslocamento Axial - Caixa de Engrenagens (2) | B18: FPSO Frade | C18: Compressor Centrífugo Básico | D18: FRADE-Sistema de Compressão de Gás | E18: FRADE-Compressão de Gás (LP/IP) | F18: FRADE-CAE-1340/1345 (LP/IP Compressor Trem 1) | I18: Axial Displacement - Gear Box (2) | J18: Axial Displacement - Gear Box (2) | K18: =VLOOKUP(Table326[[#This Row],[attribute_name EN2]],'Tradução Atributos'!$A$1:$B$67,2,0) -> Deslocamento Axial - Caixa de Engrenagens (2) | N18: Deslocamento Axial - Caixa de Engrenagens (2) | O18: Deslocamento Axial - Caixa de Engrenagens (2) | P18: =_xlfn.CONCAT(Table326[[#This Row],[Equipamento]],Table326[[#This Row],[attribute_name]]) -> FRADE-CAE-1340/1345 (LP/IP Compressor Trem 1)Deslocamento Axial - Caixa de Engrenagens (2) | Q18: FRTS-ZT-1128B | R18: mm | S18: 1 | T18: Sensors - Gearbox; | U18: Sensores - Caixa de Engrenagens | V18: =IFERROR(IF(FIND("|",N18),"subattribute", "attribute"), "attribute") -> attribute | W18: =TRIM(INDEX(_xlfn.TEXTSPLIT(Table326[[#This Row],[attribute_name PT (rascunho)]],"|"), 1,1)) -> Deslocamento Axial - Caixa de Engrenagens (2) | X18: =IFERROR(TRIM(INDEX(_xlfn.TEXTSPLIT(Table326[[#This Row],[attribute_name]],"|"), 1,2)), "") | Y18: {=IF(ISERROR(IF(Table326[[#This Row],[type]]="subattribute", VLOOKUP(Table326[[#This Row],[Template]]&Table326[[#This Row],[parent_attribute]],_xlfn._xlws.FILTER(Table326[[#All],[concat]], Table326[[#All],[type]]="attribute"),1, FALSE), TRUE)), FALSE, TRUE)} -> TRUE
A19: =Table326[[#This Row],[Template]]&Table326[[#This Row],[parent_attribute]] -> Compressor Centrífugo BásicoDeslocamento Axial - Caixa de Engrenagens (2) | B19: FPSO Frade | C19: Compressor Centrífugo Básico | D19: FRADE-Sistema de Compressão de Gás | E19: FRADE-Compressão de Gás (LP/IP) | F19: FRADE-CAE-1340/1345 (LP/IP Compressor Trem 1) | I19: Axial Displacement - Gear Box (2)|Hi | J19: Axial Displacement - Gear Box (2) | K19: =VLOOKUP(Table326[[#This Row],[attribute_name EN2]],'Tradução Atributos'!$A$1:$B$67,2,0) -> Deslocamento Axial - Caixa de Engrenagens (2) | L19: | | M19: Hi | N19: Deslocamento Axial - Caixa de Engrenagens (2)|Hi | O19: Deslocamento Axial - Caixa de Engrenagens (2)|Hi | P19: =_xlfn.CONCAT(Table326[[#This Row],[Equipamento]],Table326[[#This Row],[attribute_name]]) -> FRADE-CAE-1340/1345 (LP/IP Compressor Trem 1)Deslocamento Axial - Caixa de Engrenagens (2)|Hi | Q19: 0.6 | R19: mm | S19: 1 | V19: =IFERROR(IF(FIND("|",N19),"subattribute", "attribute"), "attribute") -> subattribute | W19: =TRIM(INDEX(_xlfn.TEXTSPLIT(Table326[[#This Row],[attribute_name PT (rascunho)]],"|"), 1,1)) -> Deslocamento Axial - Caixa de Engrenagens (2) | X19: =IFERROR(TRIM(INDEX(_xlfn.TEXTSPLIT(Table326[[#This Row],[attribute_name]],"|"), 1,2)), "") -> Hi | Y19: {=IF(ISERROR(IF(Table326[[#This Row],[type]]="subattribute", VLOOKUP(Table326[[#This Row],[Template]]&Table326[[#This Row],[parent_attribute]],_xlfn._xlws.FILTER(Table326[[#All],[concat]], Table326[[#All],[type]]="attribute"),1, FALSE), TRUE)), FALSE, TRUE)} -> TRUE
A20: =Table326[[#This Row],[Template]]&Table326[[#This Row],[parent_attribute]] -> Compressor Centrífugo BásicoDeslocamento Axial - Caixa de Engrenagens (2) | B20: FPSO Frade | C20: Compressor Centrífugo Básico | D20: FRADE-Sistema de Compressão de Gás | E20: FRADE-Compressão de Gás (LP/IP) | F20: FRADE-CAE-1340/1345 (LP/IP Compressor Trem 1) | I20: Axial Displacement - Gear Box (2)|HiHi | J20: Axial Displacement - Gear Box (2) | K20: =VLOOKUP(Table326[[#This Row],[attribute_name EN2]],'Tradução Atributos'!$A$1:$B$67,2,0) -> Deslocamento Axial - Caixa de Engrenagens (2) | L20: | | M20: HiHi | N20: Deslocamento Axial - Caixa de Engrenagens (2)|HiHi | O20: Deslocamento Axial - Caixa de Engrenagens (2)|HiHi | P20: =_xlfn.CONCAT(Table326[[#This Row],[Equipamento]],Table326[[#This Row],[attribute_name]]) -> FRADE-CAE-1340/1345 (LP/IP Compressor Trem 1)Deslocamento Axial - Caixa de Engrenagens (2)|HiHi | Q20: 0.7 | R20: mm | S20: 1 | V20: =IFERROR(IF(FIND("|",N20),"subattribute", "attribute"), "attribute") -> subattribute | W20: =TRIM(INDEX(_xlfn.TEXTSPLIT(Table326[[#This Row],[attribute_name PT (rascunho)]],"|"), 1,1)) -> Deslocamento Axial - Caixa de Engrenagens (2) | X20: =IFERROR(TRIM(INDEX(_xlfn.TEXTSPLIT(Table326[[#This Row],[attribute_name]],"|"), 1,2)), "") -> HiHi | Y20: {=IF(ISERROR(IF(Table326[[#This Row],[type]]="subattribute", VLOOKUP(Table326[[#This Row],[Template]]&Table326[[#This Row],[parent_attribute]],_xlfn._xlws.FILTER(Table326[[#All],[concat]], Table326[[#All],[type]]="attribute"),1, FALSE), TRUE)), FALSE, TRUE)} -> TRUE
A21: =Table326[[#This Row],[Template]]&Table326[[#This Row],[parent_attribute]] -> Compressor Centrífugo BásicoDeslocamento Axial - Caixa de Engrenagens (2) | B21: FPSO Frade | C21: Compressor Centrífugo Básico | D21: FRADE-Sistema de Compressão de Gás | E21: FRADE-Compressão de Gás (LP/IP) | F21: FRADE-CAE-1340/1345 (LP/IP Compressor Trem 1) | I21: Axial Displacement - Gear Box (2)|Lo | J21: Axial Displacement - Gear Box (2) | K21: =VLOOKUP(Table326[[#This Row],[attribute_name EN2]],'Tradução Atributos'!$A$1:$B$67,2,0) -> Deslocamento Axial - Caixa de Engrenagens (2) | L21: | | M21: Lo | N21: Deslocamento Axial - Caixa de Engrenagens (2)|Lo | O21: Deslocamento Axial - Caixa de Engrenagens (2)|Lo | P21: =_xlfn.CONCAT(Table326[[#This Row],[Equipamento]],Table326[[#This Row],[attribute_name]]) -> FRADE-CAE-1340/1345 (LP/IP Compressor Trem 1)Deslocamento Axial - Caixa de Engrenagens (2)|Lo | Q21: -0.6 | R21: mm | S21: 1 | V21: =IFERROR(IF(FIND("|",N21),"subattribute", "attribute"), "attribute") -> subattribute | W21: =TRIM(INDEX(_xlfn.TEXTSPLIT(Table326[[#This Row],[attribute_name PT (rascunho)]],"|"), 1,1)) -> Deslocamento Axial - Caixa de Engrenagens (2) | X21: =IFERROR(TRIM(INDEX(_xlfn.TEXTSPLIT(Table326[[#This Row],[attribute_name]],"|"), 1,2)), "") -> Lo | Y21: {=IF(ISERROR(IF(Table326[[#This Row],[type]]="subattribute", VLOOKUP(Table326[[#This Row],[Template]]&Table326[[#This Row],[parent_attribute]],_xlfn._xlws.FILTER(Table326[[#All],[concat]], Table326[[#All],[type]]="attribute"),1, FALSE), TRUE)), FALSE, TRUE)} -> TRUE
A22: =Table326[[#This Row],[Template]]&Table326[[#This Row],[parent_attribute]] -> Compressor Centrífugo BásicoDeslocamento Axial - Caixa de Engrenagens (2) | B22: FPSO Frade | C22: Compressor Centrífugo Básico | D22: FRADE-Sistema de Compressão de Gás | E22: FRADE-Compressão de Gás (LP/IP) | F22: FRADE-CAE-1340/1345 (LP/IP Compressor Trem 1) | I22: Axial Displacement - Gear Box (2)|LoLo | J22: Axial Displacement - Gear Box (2) | K22: =VLOOKUP(Table326[[#This Row],[attribute_name EN2]],'Tradução Atributos'!$A$1:$B$67,2,0) -> Deslocamento Axial - Caixa de Engrenagens (2) | L22: | | M22: LoLo | N22: Deslocamento Axial - Caixa de Engrenagens (2)|LoLo | O22: Deslocamento Axial - Caixa de Engrenagens (2)|LoLo | P22: =_xlfn.CONCAT(Table326[[#This Row],[Equipamento]],Table326[[#This Row],[attribute_name]]) -> FRADE-CAE-1340/1345 (LP/IP Compressor Trem 1)Deslocamento Axial - Caixa de Engrenagens (2)|LoLo | Q22: -0.7 | R22: mm | S22: 1 | V22: =IFERROR(IF(FIND("|",N22),"subattribute", "attribute"), "attribute") -> subattribute | W22: =TRIM(INDEX(_xlfn.TEXTSPLIT(Table326[[#This Row],[attribute_name PT (rascunho)]],"|"), 1,1)) -> Deslocamento Axial - Caixa de Engrenagens (2) | X22: =IFERROR(TRIM(INDEX(_xlfn.TEXTSPLIT(Table326[[#This Row],[attribute_name]],"|"), 1,2)), "") -> LoLo | Y22: {=IF(ISERROR(IF(Table326[[#This Row],[type]]="subattribute", VLOOKUP(Table326[[#This Row],[Template]]&Table326[[#This Row],[parent_attribute]],_xlfn._xlws.FILTER(Table326[[#All],[concat]], Table326[[#All],[type]]="attribute"),1, FALSE), TRUE)), FALSE, TRUE)} -> TRUE
A23: =Table326[[#This Row],[Template]]&Table326[[#This Row],[parent_attribute]] -> Compressor Centrífugo BásicoDeslocamento Axial - Caixa de Engrenagens (2) | B23: FPSO Frade | C23: Compressor Centrífugo Básico | D23: FRADE-Sistema de Compressão de Gás | E23: FRADE-Compressão de Gás (LP/IP) | F23: FRADE-CAE-1340/1345 (LP/IP Compressor Trem 1) | I23: Axial Displacement - Gear Box (2)|Pre-alarm Hi | J23: Axial Displacement - Gear Box (2) | K23: =VLOOKUP(Table326[[#This Row],[attribute_name EN2]],'Tradução Atributos'!$A$1:$B$67,2,0) -> Deslocamento Axial - Caixa de Engrenagens (2) | L23: | | M23: Pré-alarme Hi | N23: Deslocamento Axial - Caixa de Engrenagens (2)|Pré-alarme Hi | O23: Deslocamento Axial - Caixa de Engrenagens (2)|Pre-alarm Hi | P23: =_xlfn.CONCAT(Table326[[#This Row],[Equipamento]],Table326[[#This Row],[attribute_name]]) -> FRADE-CAE-1340/1345 (LP/IP Compressor Trem 1)Deslocamento Axial - Caixa de Engrenagens (2)|Pre-alarm Hi | Q23: 0.54 | R23: mm | S23: 1 | V23: =IFERROR(IF(FIND("|",N23),"subattribute", "attribute"), "attribute") -> subattribute | W23: =TRIM(INDEX(_xlfn.TEXTSPLIT(Table326[[#This Row],[attribute_name PT (rascunho)]],"|"), 1,1)) -> Deslocamento Axial - Caixa de Engrenagens (2) | X23: =IFERROR(TRIM(INDEX(_xlfn.TEXTSPLIT(Table326[[#This Row],[attribute_name]],"|"), 1,2)), "") -> Pre-alarm Hi | Y23: {=IF(ISERROR(IF(Table326[[#This Row],[type]]="subattribute", VLOOKUP(Table326[[#This Row],[Template]]&Table326[[#This Row],[parent_attribute]],_xlfn._xlws.FILTER(Table326[[#All],[concat]], Table326[[#All],[type]]="attribute"),1, FALSE), TRUE)), FALSE, TRUE)} -> TRUE
A24: =Table326[[#This Row],[Template]]&Table326[[#This Row],[parent_attribute]] -> Compressor Centrífugo BásicoDeslocamento Axial - Caixa de Engrenagens (2) | B24: FPSO Frade | C24: Compressor Centrífugo Básico | D24: FRADE-Sistema de Compressão de Gás | E24: FRADE-Compressão de Gás (LP/IP) | F24: FRADE-CAE-1340/1345 (LP/IP Compressor Trem 1) | I24: Axial Displacement - Gear Box (2)|Pre-alarm Lo | J24: Axial Displacement - Gear Box (2) | K24: =VLOOKUP(Table326[[#This Row],[attribute_name EN2]],'Tradução Atributos'!$A$1:$B$67,2,0) -> Deslocamento Axial - Caixa de Engrenagens (2) | L24: | | M24: Pré-alarme Lo | N24: Deslocamento Axial - Caixa de Engrenagens (2)|Pré-alarme Lo | O24: Deslocamento Axial - Caixa de Engrenagens (2)|Pre-alarm Lo | P24: =_xlfn.CONCAT(Table326[[#This Row],[Equipamento]],Table326[[#This Row],[attribute_name]]) -> FRADE-CAE-1340/1345 (LP/IP Compressor Trem 1)Deslocamento Axial - Caixa de Engrenagens (2)|Pre-alarm Lo | Q24: -0.54 | R24: mm | S24: 1 | V24: =IFERROR(IF(FIND("|",N24),"subattribute", "attribute"), "attribute") -> subattribute | W24: =TRIM(INDEX(_xlfn.TEXTSPLIT(Table326[[#This Row],[attribute_name PT (rascunho)]],"|"), 1,1)) -> Deslocamento Axial - Caixa de Engrenagens (2) | X24: =IFERROR(TRIM(INDEX(_xlfn.TEXTSPLIT(Table326[[#This Row],[attribute_name]],"|"), 1,2)), "") -> Pre-alarm Lo | Y24: {=IF(ISERROR(IF(Table326[[#This Row],[type]]="subattribute", VLOOKUP(Table326[[#This Row],[Template]]&Table326[[#This Row],[parent_attribute]],_xlfn._xlws.FILTER(Table326[[#All],[concat]], Table326[[#All],[type]]="attribute"),1, FALSE), TRUE)), FALSE, TRUE)} -> TRUE
A25: =Table326[[#This Row],[Template]]&Table326[[#This Row],[parent_attribute]] -> Compressor Centrífugo BásicoDeslocamento Axial - Compressor (1) | B25: FPSO Frade | C25: Compressor Centrífugo Básico | D25: FRADE-Sistema de Compressão de Gás | E25: FRADE-Compressão de Gás (LP/IP) | F25: FRADE-CAE-1340/1345 (LP/IP Compressor Trem 1) | I25: Axial Displacement - Comp (1) | J25: Axial Displacement - Comp (1) | K25: =VLOOKUP(Table326[[#This Row],[attribute_name EN2]],'Tradução Atributos'!$A$1:$B$67,2,0) -> Deslocamento Axial - Compressor (1) | N25: Deslocamento Axial - Compressor (1) | O25: Deslocamento Axial - Compressor (1) | P25: =_xlfn.CONCAT(Table326[[#This Row],[Equipamento]],Table326[[#This Row],[attribute_name]]) -> FRADE-CAE-1340/1345 (LP/IP Compressor Trem 1)Deslocamento Axial - Compressor (1) | Q25: FRTS-ZT-1139A | R25: mm | S25: 1 | T25: Sensors - Equipment Parts; | U25: Sensores - Componentes do Compressor | V25: =IFERROR(IF(FIND("|",N25),"subattribute", "attribute"), "attribute") -> attribute | W25: =TRIM(INDEX(_xlfn.TEXTSPLIT(Table326[[#This Row],[attribute_name PT (rascunho)]],"|"), 1,1)) -> Deslocamento Axial - Compressor (1) | X25: =IFERROR(TRIM(INDEX(_xlfn.TEXTSPLIT(Table326[[#This Row],[attribute_name]],"|"), 1,2)), "") | Y25: {=IF(ISERROR(IF(Table326[[#This Row],[type]]="subattribute", VLOOKUP(Table326[[#This Row],[Template]]&Table326[[#This Row],[parent_attribute]],_xlfn._xlws.FILTER(Table326[[#All],[concat]], Table326[[#All],[type]]="attribute"),1, FALSE), TRUE)), FALSE, TRUE)} -> TRUE
A26: =Table326[[#This Row],[Template]]&Table326[[#This Row],[parent_attribute]] -> Compressor Centrífugo BásicoDeslocamento Axial - Compressor (1) | B26: FPSO Frade | C26: Compressor Centrífugo Básico | D26: FRADE-Sistema de Compressão de Gás | E26: FRADE-Compressão de Gás (LP/IP) | F26: FRADE-CAE-1340/1345 (LP/IP Compressor Trem 1) | I26: Axial Displacement - Comp (1)|Hi | J26: Axial Displacement - Comp (1) | K26: =VLOOKUP(Table326[[#This Row],[attribute_name EN2]],'Tradução Atributos'!$A$1:$B$67,2,0) -> Deslocamento Axial - Compressor (1) | L26: | | M26: Hi | N26: Deslocamento Axial - Compressor (1)|Hi | O26: Deslocamento Axial - Compressor (1)|Hi | P26: =_xlfn.CONCAT(Table326[[#This Row],[Equipamento]],Table326[[#This Row],[attribute_name]]) -> FRADE-CAE-1340/1345 (LP/IP Compressor Trem 1)Deslocamento Axial - Compressor (1)|Hi | Q26: 0.4 | R26: mm | S26: 1 | V26: =IFERROR(IF(FIND("|",N26),"subattribute", "attribute"), "attribute") -> subattribute | W26: =TRIM(INDEX(_xlfn.TEXTSPLIT(Table326[[#This Row],[attribute_name PT (rascunho)]],"|"), 1,1)) -> Deslocamento Axial - Compressor (1) | X26: =IFERROR(TRIM(INDEX(_xlfn.TEXTSPLIT(Table326[[#This Row],[attribute_name]],"|"), 1,2)), "") -> Hi | Y26: {=IF(ISERROR(IF(Table326[[#This Row],[type]]="subattribute", VLOOKUP(Table326[[#This Row],[Template]]&Table326[[#This Row],[parent_attribute]],_xlfn._xlws.FILTER(Table326[[#All],[concat]], Table326[[#All],[type]]="attribute"),1, FALSE), TRUE)), FALSE, TRUE)} -> TRUE
A27: =Table326[[#This Row],[Template]]&Table326[[#This Row],[parent_attribute]] -> Compressor Centrífugo BásicoDeslocamento Axial - Compressor (1) | B27: FPSO Frade | C27: Compressor Centrífugo Básico | D27: FRADE-Sistema de Compressão de Gás | E27: FRADE-Compressão de Gás (LP/IP) | F27: FRADE-CAE-1340/1345 (LP/IP Compressor Trem 1) | I27: Axial Displacement - Comp (1)|HiHi | J27: Axial Displacement - Comp (1) | K27: =VLOOKUP(Table326[[#This Row],[attribute_name EN2]],'Tradução Atributos'!$A$1:$B$67,2,0) -> Deslocamento Axial - Compressor (1) | L27: | | M27: HiHi | N27: Deslocamento Axial - Compressor (1)|HiHi | O27: Deslocamento Axial - Compressor (1)|HiHi | P27: =_xlfn.CONCAT(Table326[[#This Row],[Equipamento]],Table326[[#This Row],[attribute_name]]) -> FRADE-CAE-1340/1345 (LP/IP Compressor Trem 1)Deslocamento Axial - Compressor (1)|HiHi | Q27: 0.5 | R27: mm | S27: 1 | V27: =IFERROR(IF(FIND("|",N27),"subattribute", "attribute"), "attribute") -> subattribute | W27: =TRIM(INDEX(_xlfn.TEXTSPLIT(Table326[[#This Row],[attribute_name PT (rascunho)]],"|"), 1,1)) -> Deslocamento Axial - Compressor (1) | X27: =IFERROR(TRIM(INDEX(_xlfn.TEXTSPLIT(Table326[[#This Row],[attribute_name]],"|"), 1,2)), "") -> HiHi | Y27: {=IF(ISERROR(IF(Table326[[#This Row],[type]]="subattribute", VLOOKUP(Table326[[#This Row],[Template]]&Table326[[#This Row],[parent_attribute]],_xlfn._xlws.FILTER(Table326[[#All],[concat]], Table326[[#All],[type]]="attribute"),1, FALSE), TRUE)), FALSE, TRUE)} -> TRUE
A28: =Table326[[#This Row],[Template]]&Table326[[#This Row],[parent_attribute]] -> Compressor Centrífugo BásicoDeslocamento Axial - Compressor (1) | B28: FPSO Frade | C28: Compressor Centrífugo Básico | D28: FRADE-Sistema de Compressão de Gás | E28: FRADE-Compressão de Gás (LP/IP) | F28: FRADE-CAE-1340/1345 (LP/IP Compressor Trem 1) | I28: Axial Displacement - Comp (1)|Lo | J28: Axial Displacement - Comp (1) | K28: =VLOOKUP(Table326[[#This Row],[attribute_name EN2]],'Tradução Atributos'!$A$1:$B$67,2,0) -> Deslocamento Axial - Compressor (1) | L28: | | M28: Lo | N28: Deslocamento Axial - Compressor (1)|Lo | O28: Deslocamento Axial - Compressor (1)|Lo | P28: =_xlfn.CONCAT(Table326[[#This Row],[Equipamento]],Table326[[#This Row],[attribute_name]]) -> FRADE-CAE-1340/1345 (LP/IP Compressor Trem 1)Deslocamento Axial - Compressor (1)|Lo | Q28: -0.4 | R28: mm | S28: 1 | V28: =IFERROR(IF(FIND("|",N28),"subattribute", "attribute"), "attribute") -> subattribute | W28: =TRIM(INDEX(_xlfn.TEXTSPLIT(Table326[[#This Row],[attribute_name PT (rascunho)]],"|"), 1,1)) -> Deslocamento Axial - Compressor (1) | X28: =IFERROR(TRIM(INDEX(_xlfn.TEXTSPLIT(Table326[[#This Row],[attribute_name]],"|"), 1,2)), "") -> Lo | Y28: {=IF(ISERROR(IF(Table326[[#This Row],[type]]="subattribute", VLOOKUP(Table326[[#This Row],[Template]]&Table326[[#This Row],[parent_attribute]],_xlfn._xlws.FILTER(Table326[[#All],[concat]], Table326[[#All],[type]]="attribute"),1, FALSE), TRUE)), FALSE, TRUE)} -> TRUE
A29: =Table326[[#This Row],[Template]]&Table326[[#This Row],[parent_attribute]] -> Compressor Centrífugo BásicoDeslocamento Axial - Compressor (1) | B29: FPSO Frade | C29: Compressor Centrífugo Básico | D29: FRADE-Sistema de Compressão de Gás | E29: FRADE-Compressão de Gás (LP/IP) | F29: FRADE-CAE-1340/1345 (LP/IP Compressor Trem 1) | I29: Axial Displacement - Comp (1)|LoLo | J29: Axial Displacement - Comp (1) | K29: =VLOOKUP(Table326[[#This Row],[attribute_name EN2]],'Tradução Atributos'!$A$1:$B$67,2,0) -> Deslocamento Axial - Compressor (1) | L29: | | M29: LoLo | N29: Deslocamento Axial - Compressor (1)|LoLo | O29: Deslocamento Axial - Compressor (1)|LoLo | P29: =_xlfn.CONCAT(Table326[[#This Row],[Equipamento]],Table326[[#This Row],[attribute_name]]) -> FRADE-CAE-1340/1345 (LP/IP Compressor Trem 1)Deslocamento Axial - Compressor (1)|LoLo | Q29: -0.5 | R29: mm | S29: 1 | V29: =IFERROR(IF(FIND("|",N29),"subattribute", "attribute"), "attribute") -> subattribute | W29: =TRIM(INDEX(_xlfn.TEXTSPLIT(Table326[[#This Row],[attribute_name PT (rascunho)]],"|"), 1,1)) -> Deslocamento Axial - Compressor (1) | X29: =IFERROR(TRIM(INDEX(_xlfn.TEXTSPLIT(Table326[[#This Row],[attribute_name]],"|"), 1,2)), "") -> LoLo | Y29: {=IF(ISERROR(IF(Table326[[#This Row],[type]]="subattribute", VLOOKUP(Table326[[#This Row],[Template]]&Table326[[#This Row],[parent_attribute]],_xlfn._xlws.FILTER(Table326[[#All],[concat]], Table326[[#All],[type]]="attribute"),1, FALSE), TRUE)), FALSE, TRUE)} -> TRUE
A30: =Table326[[#This Row],[Template]]&Table326[[#This Row],[parent_attribute]] -> Compressor Centrífugo BásicoDeslocamento Axial - Compressor (1) | B30: FPSO Frade | C30: Compressor Centrífugo Básico | D30: FRADE-Sistema de Compressão de Gás | E30: FRADE-Compressão de Gás (LP/IP) | F30: FRADE-CAE-1340/1345 (LP/IP Compressor Trem 1) | I30: Axial Displacement - Comp (1)|Pre-alarm Hi | J30: Axial Displacement - Comp (1) | K30: =VLOOKUP(Table326[[#This Row],[attribute_name EN2]],'Tradução Atributos'!$A$1:$B$67,2,0) -> Deslocamento Axial - Compressor (1) | L30: | | M30: Pré-alarme Hi | N30: Deslocamento Axial - Compressor (1)|Pré-alarme Hi | O30: Deslocamento Axial - Compressor (1)|Pre-alarm Hi | P30: =_xlfn.CONCAT(Table326[[#This Row],[Equipamento]],Table326[[#This Row],[attribute_name]]) -> FRADE-CAE-1340/1345 (LP/IP Compressor Trem 1)Deslocamento Axial - Compressor (1)|Pre-alarm Hi | Q30: 0.36 | R30: mm | S30: 1 | V30: =IFERROR(IF(FIND("|",N30),"subattribute", "attribute"), "attribute") -> subattribute | W30: =TRIM(INDEX(_xlfn.TEXTSPLIT(Table326[[#This Row],[attribute_name PT (rascunho)]],"|"), 1,1)) -> Deslocamento Axial - Compressor (1) | X30: =IFERROR(TRIM(INDEX(_xlfn.TEXTSPLIT(Table326[[#This Row],[attribute_name]],"|"), 1,2)), "") -> Pre-alarm Hi | Y30: {=IF(ISERROR(IF(Table326[[#This Row],[type]]="subattribute", VLOOKUP(Table326[[#This Row],[Template]]&Table326[[#This Row],[parent_attribute]],_xlfn._xlws.FILTER(Table326[[#All],[concat]], Table326[[#All],[type]]="attribute"),1, FALSE), TRUE)), FALSE, TRUE)} -> TRUE
A31: =Table326[[#This Row],[Template]]&Table326[[#This Row],[parent_attribute]] -> Compressor Centrífugo BásicoDeslocamento Axial - Compressor (1) | B31: FPSO Frade | C31: Compressor Centrífugo Básico | D31: FRADE-Sistema de Compressão de Gás | E31: FRADE-Compressão de Gás (LP/IP) | F31: FRADE-CAE-1340/1345 (LP/IP Compressor Trem 1) | I31: Axial Displacement - Comp (1)|Pre-alarm Lo | J31: Axial Displacement - Comp (1) | K31: =VLOOKUP(Table326[[#This Row],[attribute_name EN2]],'Tradução Atributos'!$A$1:$B$67,2,0) -> Deslocamento Axial - Compressor (1) | L31: | | M31: Pré-alarme Lo | N31: Deslocamento Axial - Compressor (1)|Pré-alarme Lo | O31: Deslocamento Axial - Compressor (1)|Pre-alarm Lo | P31: =_xlfn.CONCAT(Table326[[#This Row],[Equipamento]],Table326[[#This Row],[attribute_name]]) -> FRADE-CAE-1340/1345 (LP/IP Compressor Trem 1)Deslocamento Axial - Compressor (1)|Pre-alarm Lo | Q31: -0.36 | R31: mm | S31: 1 | V31: =IFERROR(IF(FIND("|",N31),"subattribute", "attribute"), "attribute") -> subattribute | W31: =TRIM(INDEX(_xlfn.TEXTSPLIT(Table326[[#This Row],[attribute_name PT (rascunho)]],"|"), 1,1)) -> Deslocamento Axial - Compressor (1) | X31: =IFERROR(TRIM(INDEX(_xlfn.TEXTSPLIT(Table326[[#This Row],[attribute_name]],"|"), 1,2)), "") -> Pre-alarm Lo | Y31: {=IF(ISERROR(IF(Table326[[#This Row],[type]]="subattribute", VLOOKUP(Table326[[#This Row],[Template]]&Table326[[#This Row],[parent_attribute]],_xlfn._xlws.FILTER(Table326[[#All],[concat]], Table326[[#All],[type]]="attribute"),1, FALSE), TRUE)), FALSE, TRUE)} -> TRUE
A32: =Table326[[#This Row],[Template]]&Table326[[#This Row],[parent_attribute]] -> Compressor Centrífugo BásicoDeslocamento Axial - Compressor (2) | B32: FPSO Frade | C32: Compressor Centrífugo Básico | D32: FRADE-Sistema de Compressão de Gás | E32: FRADE-Compressão de Gás (LP/IP) | F32: FRADE-CAE-1340/1345 (LP/IP Compressor Trem 1) | I32: Axial Displacement - Comp (2) | J32: Axial Displacement - Comp (2) | K32: =VLOOKUP(Table326[[#This Row],[attribute_name EN2]],'Tradução Atributos'!$A$1:$B$67,2,0) -> Deslocamento Axial - Compressor (2) | N32: Deslocamento Axial - Compressor (2) | O32: Deslocamento Axial - Compressor (2) | P32: =_xlfn.CONCAT(Table326[[#This Row],[Equipamento]],Table326[[#This Row],[attribute_name]]) -> FRADE-CAE-1340/1345 (LP/IP Compressor Trem 1)Deslocamento Axial - Compressor (2) | Q32: FRTS-ZT-1139B | R32: mm | S32: 1 | T32: Sensors - Equipment Parts; | U32: Sensores - Componentes do Compressor | V32: =IFERROR(IF(FIND("|",N32),"subattribute", "attribute"), "attribute") -> attribute | W32: =TRIM(INDEX(_xlfn.TEXTSPLIT(Table326[[#This Row],[attribute_name PT (rascunho)]],"|"), 1,1)) -> Deslocamento Axial - Compressor (2) | X32: =IFERROR(TRIM(INDEX(_xlfn.TEXTSPLIT(Table326[[#This Row],[attribute_name]],"|"), 1,2)), "") | Y32: {=IF(ISERROR(IF(Table326[[#This Row],[type]]="subattribute", VLOOKUP(Table326[[#This Row],[Template]]&Table326[[#This Row],[parent_attribute]],_xlfn._xlws.FILTER(Table326[[#All],[concat]], Table326[[#All],[type]]="attribute"),1, FALSE), TRUE)), FALSE, TRUE)} -> TRUE
A33: =Table326[[#This Row],[Template]]&Table326[[#This Row],[parent_attribute]] -> Compressor Centrífugo BásicoDeslocamento Axial - Compressor (2) | B33: FPSO Frade | C33: Compressor Centrífugo Básico | D33: FRADE-Sistema de Compressão de Gás | E33: FRADE-Compressão de Gás (LP/IP) | F33: FRADE-CAE-1340/1345 (LP/IP Compressor Trem 1) | I33: Axial Displacement - Comp (2)|Hi | J33: Axial Displacement - Comp (2) | K33: =VLOOKUP(Table326[[#This Row],[attribute_name EN2]],'Tradução Atributos'!$A$1:$B$67,2,0) -> Deslocamento Axial - Compressor (2) | L33: | | M33: Hi | N33: Deslocamento Axial - Compressor (2)|Hi | O33: Deslocamento Axial - Compressor (2)|Hi | P33: =_xlfn.CONCAT(Table326[[#This Row],[Equipamento]],Table326[[#This Row],[attribute_name]]) -> FRADE-CAE-1340/1345 (LP/IP Compressor Trem 1)Deslocamento Axial - Compressor (2)|Hi | Q33: 0.4 | R33: mm | S33: 1 | V33: =IFERROR(IF(FIND("|",N33),"subattribute", "attribute"), "attribute") -> subattribute | W33: =TRIM(INDEX(_xlfn.TEXTSPLIT(Table326[[#This Row],[attribute_name PT (rascunho)]],"|"), 1,1)) -> Deslocamento Axial - Compressor (2) | X33: =IFERROR(TRIM(INDEX(_xlfn.TEXTSPLIT(Table326[[#This Row],[attribute_name]],"|"), 1,2)), "") -> Hi | Y33: {=IF(ISERROR(IF(Table326[[#This Row],[type]]="subattribute", VLOOKUP(Table326[[#This Row],[Template]]&Table326[[#This Row],[parent_attribute]],_xlfn._xlws.FILTER(Table326[[#All],[concat]], Table326[[#All],[type]]="attribute"),1, FALSE), TRUE)), FALSE, TRUE)} -> TRUE
A34: =Table326[[#This Row],[Template]]&Table326[[#This Row],[parent_attribute]] -> Compressor Centrífugo BásicoDeslocamento Axial - Compressor (2) | B34: FPSO Frade | C34: Compressor Centrífugo Básico | D34: FRADE-Sistema de Compressão de Gás | E34: FRADE-Compressão de Gás (LP/IP) | F34: FRADE-CAE-1340/1345 (LP/IP Compressor Trem 1) | I34: Axial Displacement - Comp (2)|HiHi | J34: Axial Displacement - Comp (2) | K34: =VLOOKUP(Table326[[#This Row],[attribute_name EN2]],'Tradução Atributos'!$A$1:$B$67,2,0) -> Deslocamento Axial - Compressor (2) | L34: | | M34: HiHi | N34: Deslocamento Axial - Compressor (2)|HiHi | O34: Deslocamento Axial - Compressor (2)|HiHi | P34: =_xlfn.CONCAT(Table326[[#This Row],[Equipamento]],Table326[[#This Row],[attribute_name]]) -> FRADE-CAE-1340/1345 (LP/IP Compressor Trem 1)Deslocamento Axial - Compressor (2)|HiHi | Q34: 0.5 | R34: mm | S34: 1 | V34: =IFERROR(IF(FIND("|",N34),"subattribute", "attribute"), "attribute") -> subattribute | W34: =TRIM(INDEX(_xlfn.TEXTSPLIT(Table326[[#This Row],[attribute_name PT (rascunho)]],"|"), 1,1)) -> Deslocamento Axial - Compressor (2) | X34: =IFERROR(TRIM(INDEX(_xlfn.TEXTSPLIT(Table326[[#This Row],[attribute_name]],"|"), 1,2)), "") -> HiHi | Y34: {=IF(ISERROR(IF(Table326[[#This Row],[type]]="subattribute", VLOOKUP(Table326[[#This Row],[Template]]&Table326[[#This Row],[parent_attribute]],_xlfn._xlws.FILTER(Table326[[#All],[concat]], Table326[[#All],[type]]="attribute"),1, FALSE), TRUE)), FALSE, TRUE)} -> TRUE
A35: =Table326[[#This Row],[Template]]&Table326[[#This Row],[parent_attribute]] -> Compressor Centrífugo BásicoDeslocamento Axial - Compressor (2) | B35: FPSO Frade | C35: Compressor Centrífugo Básico | D35: FRADE-Sistema de Compressão de Gás | E35: FRADE-Compressão de Gás (LP/IP) | F35: FRADE-CAE-1340/1345 (LP/IP Compressor Trem 1) | I35: Axial Displacement - Comp (2)|Lo | J35: Axial Displacement - Comp (2) | K35: =VLOOKUP(Table326[[#This Row],[attribute_name EN2]],'Tradução Atributos'!$A$1:$B$67,2,0) -> Deslocamento Axial - Compressor (2) | L35: | | M35: Lo | N35: Deslocamento Axial - Compressor (2)|Lo | O35: Deslocamento Axial - Compressor (2)|Lo | P35: =_xlfn.CONCAT(Table326[[#This Row],[Equipamento]],Table326[[#This Row],[attribute_name]]) -> FRADE-CAE-1340/1345 (LP/IP Compressor Trem 1)Deslocamento Axial - Compressor (2)|Lo | Q35: -0.4 | R35: mm | S35: 1 | V35: =IFERROR(IF(FIND("|",N35),"subattribute", "attribute"), "attribute") -> subattribute | W35: =TRIM(INDEX(_xlfn.TEXTSPLIT(Table326[[#This Row],[attribute_name PT (rascunho)]],"|"), 1,1)) -> Deslocamento Axial - Compressor (2) | X35: =IFERROR(TRIM(INDEX(_xlfn.TEXTSPLIT(Table326[[#This Row],[attribute_name]],"|"), 1,2)), "") -> Lo | Y35: {=IF(ISERROR(IF(Table326[[#This Row],[type]]="subattribute", VLOOKUP(Table326[[#This Row],[Template]]&Table326[[#This Row],[parent_attribute]],_xlfn._xlws.FILTER(Table326[[#All],[concat]], Table326[[#All],[type]]="attribute"),1, FALSE), TRUE)), FALSE, TRUE)} -> TRUE
A36: =Table326[[#This Row],[Template]]&Table326[[#This Row],[parent_attribute]] -> Compressor Centrífugo BásicoDeslocamento Axial - Compressor (2) | B36: FPSO Frade | C36: Compressor Centrífugo Básico | D36: FRADE-Sistema de Compressão de Gás | E36: FRADE-Compressão de Gás (LP/IP) | F36: FRADE-CAE-1340/1345 (LP/IP Compressor Trem 1) | I36: Axial Displacement - Comp (2)|LoLo | J36: Axial Displacement - Comp (2) | K36: =VLOOKUP(Table326[[#This Row],[attribute_name EN2]],'Tradução Atributos'!$A$1:$B$67,2,0) -> Deslocamento Axial - Compressor (2) | L36: | | M36: LoLo | N36: Deslocamento Axial - Compressor (2)|LoLo | O36: Deslocamento Axial - Compressor (2)|LoLo | P36: =_xlfn.CONCAT(Table326[[#This Row],[Equipamento]],Table326[[#This Row],[attribute_name]]) -> FRADE-CAE-1340/1345 (LP/IP Compressor Trem 1)Deslocamento Axial - Compressor (2)|LoLo | Q36: -0.5 | R36: mm | S36: 1 | V36: =IFERROR(IF(FIND("|",N36),"subattribute", "attribute"), "attribute") -> subattribute | W36: =TRIM(INDEX(_xlfn.TEXTSPLIT(Table326[[#This Row],[attribute_name PT (rascunho)]],"|"), 1,1)) -> Deslocamento Axial - Compressor (2) | X36: =IFERROR(TRIM(INDEX(_xlfn.TEXTSPLIT(Table326[[#This Row],[attribute_name]],"|"), 1,2)), "") -> LoLo | Y36: {=IF(ISERROR(IF(Table326[[#This Row],[type]]="subattribute", VLOOKUP(Table326[[#This Row],[Template]]&Table326[[#This Row],[parent_attribute]],_xlfn._xlws.FILTER(Table326[[#All],[concat]], Table326[[#All],[type]]="attribute"),1, FALSE), TRUE)), FALSE, TRUE)} -> TRUE
